scope,cve,count
overall,CVE-2005-4881,38
overall,CVE-2019-19532,28
overall,CVE-2018-8799,20
overall,CVE-2021-3416,18
overall,CVE-2019-19275,16
overall,CVE-2013-6825,16
overall,CVE-2018-16643,14
overall,CVE-2014-0143,14
overall,CVE-2013-0169,14
overall,CVE-2020-8265,14
overall,CVE-2019-19083,14
overall,CVE-2014-3184,12
overall,CVE-2013-7270,12
overall,CVE-2020-11089,12
overall,CVE-2021-3712,12
overall,CVE-2015-5330,10
overall,CVE-2018-20846,10
overall,CVE-2016-0826,10
overall,CVE-2014-0064,10
overall,CVE-2019-19082,10
overall,CVE-2021-20305,10
overall,CVE-2009-3001,9
overall,CVE-2009-3605,8
overall,CVE-2014-4502,8
overall,CVE-2019-13219,8
overall,CVE-2013-1824,8
overall,CVE-2014-8321,8
overall,CVE-2017-6903,8
overall,CVE-2021-41206,8
overall,CVE-2017-14500,8
overall,CVE-2020-5208,8
overall,CVE-2014-0144,8
overall,CVE-2014-6272,8
overall,CVE-2018-5711,8
overall,CVE-2019-12974,8
overall,CVE-2018-14044,8
overall,CVE-2020-1971,8
overall,CVE-2021-36978,8
overall,CVE-2017-15994,6
overall,CVE-2013-0166,6
overall,CVE-2012-1573,6
overall,CVE-2010-4818,6
overall,CVE-2015-3197,6
overall,CVE-2014-9746,6
overall,CVE-2017-7526,6
overall,CVE-2013-6763,6
overall,CVE-2014-2523,6
overall,CVE-2013-7265,6
overall,CVE-2015-1791,6
overall,CVE-2015-0204,6
overall,CVE-2016-4564,6
overall,CVE-2016-1237,6
overall,CVE-2015-8539,6
overall,CVE-2017-8294,6
overall,CVE-2016-10506,6
overall,CVE-2018-16842,6
overall,CVE-2018-15473,6
overall,CVE-2018-1065,6
overall,CVE-2019-11811,6
overall,CVE-2017-9608,6
overall,CVE-2015-3315,6
overall,CVE-2019-1010251,6
overall,CVE-2013-6663,6
overall,CVE-2015-8126,6
overall,CVE-2013-1643,6
overall,CVE-2012-2143,6
overall,CVE-2018-10539,6
overall,CVE-2017-9226,6
overall,CVE-2020-5235,6
overall,CVE-2019-13227,6
overall,CVE-2019-11500,6
overall,CVE-2015-5291,6
overall,CVE-2017-8379,6
overall,CVE-2013-4488,6
overall,CVE-2013-2020,6
overall,CVE-2019-14493,6
overall,CVE-2019-16161,6
overall,CVE-2018-12600,6
overall,CVE-2013-0157,6
overall,CVE-2020-25676,6
overall,CVE-2020-16135,6
overall,CVE-2020-36224,6
overall,CVE-2021-21261,6
overall,CVE-2012-2674,6
overall,CVE-2020-36313,6
overall,CVE-2019-19924,6
overall,CVE-2021-30045,6
overall,CVE-2021-41072,6
overall,CVE-2021-40153,6
overall,CVE-2018-20467,5
overall,CVE-2011-4128,4
overall,CVE-2018-1000039,4
overall,CVE-2013-4130,4
overall,CVE-2018-16863,4
overall,CVE-2017-13090,4
overall,CVE-2013-2236,4
overall,CVE-2015-3195,4
overall,CVE-2015-3194,4
overall,CVE-2009-0946,4
overall,CVE-2017-10971,4
overall,CVE-2015-1793,4
overall,CVE-2019-9923,4
overall,CVE-2017-9727,4
overall,CVE-2012-5667,4
overall,CVE-2018-10194,4
overall,CVE-2016-6262,4
overall,CVE-2018-6790,4
overall,CVE-2016-4008,4
overall,CVE-2014-3567,4
overall,CVE-2014-3564,4
overall,CVE-2014-3468,4
overall,CVE-2016-2342,4
overall,CVE-2017-0379,4
overall,CVE-2014-2013,4
overall,CVE-2016-10218,4
overall,CVE-2011-3936,4
overall,CVE-2016-0798,4
overall,CVE-2016-0702,4
overall,CVE-2016-8610,4
overall,CVE-2018-0737,4
overall,CVE-2018-0735,4
overall,CVE-2018-0495,4
overall,CVE-2017-18201,4
overall,CVE-2011-0530,4
overall,CVE-2012-4467,4
overall,CVE-2011-4913,4
overall,CVE-2013-1418,4
overall,CVE-2013-4588,4
overall,CVE-2013-4514,4
overall,CVE-2013-4129,4
overall,CVE-2014-3144,4
overall,CVE-2014-0077,4
overall,CVE-2015-7613,4
overall,CVE-2015-3885,4
overall,CVE-2015-1805,4
overall,CVE-2015-1593,4
overall,CVE-2015-1331,4
overall,CVE-2014-5355,4
overall,CVE-2016-10088,4
overall,CVE-2016-9755,4
overall,CVE-2016-9083,4
overall,CVE-2016-7568,4
overall,CVE-2016-7412,4
overall,CVE-2016-7163,4
overall,CVE-2016-7126,4
overall,CVE-2016-6198,4
overall,CVE-2016-5400,4
overall,CVE-2016-5104,4
overall,CVE-2016-4805,4
overall,CVE-2016-3951,4
overall,CVE-2016-3137,4
overall,CVE-2016-3132,4
overall,CVE-2016-2548,4
overall,CVE-2015-8877,4
overall,CVE-2015-8865,4
overall,CVE-2015-8630,4
overall,CVE-2015-7513,4
overall,CVE-2017-1000252,4
overall,CVE-2017-17805,4
overall,CVE-2017-16546,4
overall,CVE-2017-16525,4
overall,CVE-2017-15924,4
overall,CVE-2017-15537,4
overall,CVE-2017-15265,4
overall,CVE-2017-14174,4
overall,CVE-2017-13715,4
overall,CVE-2017-12669,4
overall,CVE-2017-12668,4
overall,CVE-2017-12667,4
overall,CVE-2017-12665,4
overall,CVE-2017-12664,4
overall,CVE-2017-12663,4
overall,CVE-2017-12641,4
overall,CVE-2017-11523,4
overall,CVE-2017-11448,4
overall,CVE-2017-11447,4
overall,CVE-2017-9984,4
overall,CVE-2017-9763,4
overall,CVE-2017-9150,4
overall,CVE-2017-9143,4
overall,CVE-2017-9141,4
overall,CVE-2017-9077,4
overall,CVE-2017-8890,4
overall,CVE-2017-7586,4
overall,CVE-2017-7418,4
overall,CVE-2017-6874,4
overall,CVE-2017-6309,4
overall,CVE-2017-5507,4
overall,CVE-2017-0375,4
overall,CVE-2016-10200,4
overall,CVE-2016-10130,4
overall,CVE-2016-10070,4
overall,CVE-2016-10066,4
overall,CVE-2016-10054,4
overall,CVE-2016-10051,4
overall,CVE-2016-10050,4
overall,CVE-2015-5203,4
overall,CVE-2016-7906,4
overall,CVE-2016-6823,4
overall,CVE-2015-4054,4
overall,CVE-2014-9922,4
overall,CVE-2018-17407,4
overall,CVE-2018-16644,4
overall,CVE-2018-14350,4
overall,CVE-2018-14351,4
overall,CVE-2018-12460,4
overall,CVE-2018-12232,4
overall,CVE-2018-7186,4
overall,CVE-2018-6196,4
overall,CVE-2017-18218,4
overall,CVE-2017-18174,4
overall,CVE-2014-8130,4
overall,CVE-2019-16347,4
overall,CVE-2019-15148,4
overall,CVE-2019-15139,4
overall,CVE-2019-13137,4
overall,CVE-2019-13134,4
overall,CVE-2019-11599,4
overall,CVE-2019-11472,4
overall,CVE-2019-11470,4
overall,CVE-2019-9162,4
overall,CVE-2019-7397,4
overall,CVE-2019-7175,4
overall,CVE-2018-20847,4
overall,CVE-2018-20836,4
overall,CVE-2018-20761,4
overall,CVE-2018-14466,4
overall,CVE-2018-7191,4
overall,CVE-2010-5332,4
overall,CVE-2013-4592,4
overall,CVE-2012-6544,4
overall,CVE-2017-16359,4
overall,CVE-2017-7277,4
overall,CVE-2016-9933,4
overall,CVE-2016-7530,4
overall,CVE-2012-2870,4
overall,CVE-2013-2906,4
overall,CVE-2014-7904,4
overall,CVE-2014-3191,4
overall,CVE-2016-1618,4
overall,CVE-2016-3872,4
overall,CVE-2016-3861,4
overall,CVE-2016-2476,4
overall,CVE-2015-5296,4
overall,CVE-2019-13638,4
overall,CVE-2015-1345,4
overall,CVE-2015-8374,4
overall,CVE-2017-14172,4
overall,CVE-2017-13139,4
overall,CVE-2017-12666,4
overall,CVE-2017-12644,4
overall,CVE-2017-6415,4
overall,CVE-2016-10052,4
overall,CVE-2018-16640,4
overall,CVE-2016-9583,4
overall,CVE-2013-6420,4
overall,CVE-2015-7804,4
overall,CVE-2017-11144,4
overall,CVE-2017-11143,4
overall,CVE-2012-6113,4
overall,CVE-2014-9426,4
overall,CVE-2016-7157,4
overall,CVE-2016-3185,4
overall,CVE-2016-3142,4
overall,CVE-2016-2538,4
overall,CVE-2015-8867,4
overall,CVE-2013-4544,4
overall,CVE-2014-0145,4
overall,CVE-2018-10017,4
overall,CVE-2019-17113,4
overall,CVE-2012-2673,4
overall,CVE-2014-8116,4
overall,CVE-2014-2270,4
overall,CVE-2017-9465,4
overall,CVE-2013-1788,4
overall,CVE-2016-10171,4
overall,CVE-2016-10165,4
overall,CVE-2018-10537,4
overall,CVE-2021-41203,4
overall,CVE-2021-45942,4
overall,CVE-2022-32545,4
overall,CVE-2017-14641,4
overall,CVE-2020-26164,4
overall,CVE-2014-2209,4
overall,CVE-2019-3557,4
overall,CVE-2017-12476,4
overall,CVE-2016-0740,4
overall,CVE-2018-14355,4
overall,CVE-2018-20457,4
overall,CVE-2019-19624,4
overall,CVE-2019-13615,4
overall,CVE-2017-14646,4
overall,CVE-2020-27787,4
overall,CVE-2022-32547,4
overall,CVE-2021-37648,4
overall,CVE-2022-1195,4
overall,CVE-2017-1000158,4
overall,CVE-2019-18391,4
overall,CVE-2017-15056,4
overall,CVE-2020-12783,4
overall,CVE-2019-7398,4
overall,CVE-2022-24448,4
overall,CVE-2019-12975,4
overall,CVE-2015-7691,4
overall,CVE-2018-18544,4
overall,CVE-2018-1140,4
overall,CVE-2019-12979,4
overall,CVE-2014-8627,4
overall,CVE-2020-25660,4
overall,CVE-2008-3546,4
overall,CVE-2018-16412,4
overall,CVE-2020-25669,4
overall,CVE-2015-2716,4
overall,CVE-2011-3603,4
overall,CVE-2018-8779,4
overall,CVE-2016-2087,4
overall,CVE-2021-20224,4
overall,CVE-2020-36279,4
overall,CVE-2019-19646,4
overall,CVE-2019-13114,4
overall,CVE-2020-12284,4
overall,CVE-2018-19132,4
overall,CVE-2020-28896,4
overall,CVE-2018-14345,4
overall,CVE-2019-18853,4
overall,CVE-2020-27827,4
overall,CVE-2007-1320,4
overall,CVE-2019-10063,4
overall,CVE-2018-14436,4
overall,CVE-2019-3824,4
overall,CVE-2019-25050,4
overall,CVE-2016-10906,4
overall,CVE-2019-11459,4
overall,CVE-2018-16880,4
overall,CVE-2016-5095,4
overall,CVE-2020-25651,4
overall,CVE-2014-0249,4
overall,CVE-2019-18397,4
overall,CVE-2017-17787,4
overall,CVE-2019-3843,4
overall,CVE-2019-11039,4
overall,CVE-2019-12977,4
overall,CVE-2019-16713,4
overall,CVE-2019-19012,4
overall,CVE-2016-6313,4
overall,CVE-2014-0142,4
overall,CVE-2019-13111,4
overall,CVE-2019-19948,4
overall,CVE-2019-12380,4
overall,CVE-2013-7226,4
overall,CVE-2021-27212,4
overall,CVE-2021-3409,4
overall,CVE-2020-25692,4
overall,CVE-2015-8608,4
overall,CVE-2017-11166,4
overall,CVE-2019-19227,4
overall,CVE-2014-3684,4
overall,CVE-2021-30500,4
overall,CVE-2019-10149,4
overall,CVE-2017-17784,4
overall,CVE-2018-14665,4
overall,CVE-2017-17723,4
overall,CVE-2019-17266,4
overall,CVE-2019-9956,4
overall,CVE-2018-13153,4
overall,CVE-2019-14452,4
overall,CVE-2011-2768,4
overall,CVE-2016-3739,4
overall,CVE-2020-15503,4
overall,CVE-2020-15180,4
overall,CVE-2016-10905,4
overall,CVE-2019-12976,4
overall,CVE-2016-7414,4
overall,CVE-2018-14551,4
overall,CVE-2011-0989,4
overall,CVE-2019-15926,4
overall,CVE-2018-10733,4
overall,CVE-2022-2526,4
overall,CVE-2008-1948,4
overall,CVE-2018-12547,4
overall,CVE-2020-5310,4
overall,CVE-2012-1108,4
overall,CVE-2019-11598,4
overall,CVE-2022-3213,4
overall,CVE-2018-16329,4
overall,CVE-2020-12278,4
overall,CVE-2021-32055,4
overall,CVE-2018-12617,4
overall,CVE-2013-2126,4
overall,CVE-2016-1248,4
overall,CVE-2021-3156,4
overall,CVE-2015-5070,4
overall,CVE-2011-1488,4
overall,CVE-2011-3627,4
overall,CVE-2018-7725,4
overall,CVE-2015-8370,4
overall,CVE-2019-16709,4
overall,CVE-2008-3275,4
overall,CVE-2011-0904,4
overall,CVE-2011-1750,4
overall,CVE-2012-1177,4
overall,CVE-2012-4502,4
overall,CVE-2014-4877,4
overall,CVE-2017-17786,4
overall,CVE-2016-2182,4
overall,CVE-2016-8652,4
overall,CVE-2019-14889,4
overall,CVE-2021-23841,4
overall,CVE-2021-3507,4
overall,CVE-2022-35414,4
overall,CVE-2020-1918,4
overall,CVE-2020-13848,4
overall,CVE-2021-22222,4
overall,CVE-2014-3566,4
overall,CVE-2020-11608,4
overall,CVE-2021-20309,4
overall,CVE-2021-29477,4
overall,CVE-2021-28903,4
overall,CVE-2020-10251,4
overall,CVE-2014-2583,4
overall,CVE-2020-1760,4
overall,CVE-2022-32546,4
overall,CVE-2022-23589,4
overall,CVE-2021-46784,4
overall,CVE-2022-23558,4
overall,CVE-2022-32978,4
overall,CVE-2021-37665,4
overall,CVE-2021-37687,4
overall,CVE-2022-28463,4
overall,CVE-2022-27666,4
overall,CVE-2022-37032,4
overall,CVE-2018-25033,4
overall,CVE-2021-28972,4
overall,CVE-2022-24950,4
overall,CVE-2022-0847,4
overall,CVE-2020-16166,4
overall,CVE-2021-32037,4
overall,CVE-2022-0669,4
overall,CVE-2013-4668,4
overall,CVE-2017-9740,3
overall,CVE-2017-9618,3
overall,CVE-2016-6304,3
overall,CVE-2016-6302,3
overall,CVE-2017-14041,3
overall,CVE-2017-11310,3
overall,CVE-2017-9142,3
overall,CVE-2016-4796,3
overall,CVE-2018-16790,3
overall,CVE-2018-6927,3
overall,CVE-2018-6197,3
overall,CVE-2019-12818,3
overall,CVE-2016-2429,3
overall,CVE-2017-9739,3
overall,CVE-2014-9718,3
overall,CVE-2014-7815,3
overall,CVE-2017-14227,3
overall,CVE-2018-9422,3
overall,CVE-2016-9439,3
overall,CVE-2018-12599,3
overall,CVE-2014-0224,3
overall,CVE-2013-6449,2
overall,CVE-2015-7665,2
overall,CVE-2018-1000037,2
overall,CVE-2018-20482,2
overall,CVE-2018-20103,2
overall,CVE-2017-16852,2
overall,CVE-2019-15938,2
overall,CVE-2019-15937,2
overall,CVE-2017-15873,2
overall,CVE-2011-2895,2
overall,CVE-2017-15650,2
overall,CVE-2013-4474,2
overall,CVE-2013-4473,2
overall,CVE-2019-14975,2
overall,CVE-2015-5352,2
overall,CVE-2018-17961,2
overall,CVE-2015-5252,2
overall,CVE-2019-13636,2
overall,CVE-2011-2200,2
overall,CVE-2011-1943,2
overall,CVE-2017-13720,2
overall,CVE-2018-16542,2
overall,CVE-2018-16541,2
overall,CVE-2018-16513,2
overall,CVE-2019-12382,2
overall,CVE-2015-3281,2
overall,CVE-2015-3193,2
overall,CVE-2017-11714,2
overall,CVE-2019-11360,2
overall,CVE-2018-14036,2
overall,CVE-2017-9726,2
overall,CVE-2013-0292,2
overall,CVE-2017-9619,2
overall,CVE-2010-4707,2
overall,CVE-2017-9461,2
overall,CVE-2015-0292,2
overall,CVE-2015-0290,2
overall,CVE-2015-0287,2
overall,CVE-2015-0286,2
overall,CVE-2015-0285,2
overall,CVE-2017-8934,2
overall,CVE-2012-5670,2
overall,CVE-2012-5669,2
overall,CVE-2017-8849,2
overall,CVE-2014-9745,2
overall,CVE-2018-11469,2
overall,CVE-2014-9672,2
overall,CVE-2014-9670,2
overall,CVE-2014-9669,2
overall,CVE-2014-9666,2
overall,CVE-2014-9658,2
overall,CVE-2014-9656,2
overall,CVE-2017-8287,2
overall,CVE-2017-8105,2
overall,CVE-2010-4352,2
overall,CVE-2017-7864,2
overall,CVE-2017-7857,2
overall,CVE-2017-7511,2
overall,CVE-2017-7476,2
overall,CVE-2010-3855,2
overall,CVE-2018-10184,2
overall,CVE-2016-7953,2
overall,CVE-2016-7944,2
overall,CVE-2016-7424,2
overall,CVE-2017-6542,2
overall,CVE-2016-7052,2
overall,CVE-2017-6414,2
overall,CVE-2017-6355,2
overall,CVE-2017-6317,2
overall,CVE-2017-6210,2
overall,CVE-2017-6209,2
overall,CVE-2017-5994,2
overall,CVE-2017-5956,2
overall,CVE-2012-3291,2
overall,CVE-2016-6301,2
overall,CVE-2010-2805,2
overall,CVE-2017-5580,2
overall,CVE-2014-6269,2
overall,CVE-2017-5330,2
overall,CVE-2010-2520,2
overall,CVE-2010-2519,2
overall,CVE-2010-2500,2
overall,CVE-2010-2499,2
overall,CVE-2010-2498,2
overall,CVE-2010-2497,2
overall,CVE-2016-5407,2
overall,CVE-2018-6951,2
overall,CVE-2018-6942,2
overall,CVE-2018-6791,2
overall,CVE-2014-4883,2
overall,CVE-2010-1642,2
overall,CVE-2016-3994,2
overall,CVE-2016-3993,2
overall,CVE-2019-1563,2
overall,CVE-2008-1950,2
overall,CVE-2018-5388,2
overall,CVE-2014-3509,2
overall,CVE-2014-3508,2
overall,CVE-2016-2860,2
overall,CVE-2016-2842,2
overall,CVE-2016-2181,2
overall,CVE-2016-2176,2
overall,CVE-2014-2855,2
overall,CVE-2016-2106,2
overall,CVE-2016-2105,2
overall,CVE-2017-0553,2
overall,CVE-2014-2241,2
overall,CVE-2016-10369,2
overall,CVE-2011-4328,2
overall,CVE-2011-4029,2
overall,CVE-2016-10164,2
overall,CVE-2011-3929,2
overall,CVE-2011-3193,2
overall,CVE-2016-0701,2
overall,CVE-2016-8602,2
overall,CVE-2016-7977,2
overall,CVE-2016-7393,2
overall,CVE-2015-8325,2
overall,CVE-2014-0195,2
overall,CVE-2018-1116,2
overall,CVE-2018-0734,2
overall,CVE-2018-0732,2
overall,CVE-2013-6462,2
overall,CVE-2014-9764,2
overall,CVE-2014-9763,2
overall,CVE-2014-9762,2
overall,CVE-2011-5326,2
overall,CVE-2000-1254,2
overall,CVE-2016-2090,2
overall,CVE-2013-4353,2
overall,CVE-2013-4159,2
overall,CVE-2014-9645,2
overall,CVE-2007-5199,2
overall,CVE-2015-9383,2
overall,CVE-2015-9290,2
overall,CVE-2014-10375,2
overall,CVE-2017-12179,2
overall,CVE-2017-12178,2
overall,CVE-2017-12177,2
overall,CVE-2017-12176,2
overall,CVE-2017-2626,2
overall,CVE-2017-2625,2
overall,CVE-2016-10713,2
overall,CVE-2016-9601,2
overall,CVE-2016-7056,2
overall,CVE-2015-9261,2
overall,CVE-2014-10073,2
overall,CVE-2014-1845,2
overall,CVE-2009-1194,2
overall,CVE-2010-1152,2
overall,CVE-2010-0011,2
overall,CVE-2011-2161,2
overall,CVE-2012-4565,2
overall,CVE-2012-3510,2
overall,CVE-2012-2745,2
overall,CVE-2012-2669,2
overall,CVE-2012-2375,2
overall,CVE-2012-2313,2
overall,CVE-2012-2123,2
overall,CVE-2012-2100,2
overall,CVE-2012-1583,2
overall,CVE-2012-1097,2
overall,CVE-2012-0957,2
overall,CVE-2012-0807,2
overall,CVE-2012-0207,2
overall,CVE-2012-0058,2
overall,CVE-2012-0044,2
overall,CVE-2011-4594,2
overall,CVE-2011-4326,2
overall,CVE-2011-4324,2
overall,CVE-2011-4097,2
overall,CVE-2011-4086,2
overall,CVE-2011-3363,2
overall,CVE-2011-3359,2
overall,CVE-2011-3353,2
overall,CVE-2011-2707,2
overall,CVE-2011-2183,2
overall,CVE-2011-2182,2
overall,CVE-2011-1927,2
overall,CVE-2011-1833,2
overall,CVE-2011-1079,2
overall,CVE-2011-0716,2
overall,CVE-2011-0006,2
overall,CVE-2010-4650,2
overall,CVE-2013-7027,2
overall,CVE-2013-7023,2
overall,CVE-2013-7022,2
overall,CVE-2013-7021,2
overall,CVE-2013-7020,2
overall,CVE-2013-7015,2
overall,CVE-2013-7014,2
overall,CVE-2013-7012,2
overall,CVE-2013-7009,2
overall,CVE-2013-6432,2
overall,CVE-2013-6383,2
overall,CVE-2013-6381,2
overall,CVE-2013-6378,2
overall,CVE-2013-6376,2
overall,CVE-2013-4623,2
overall,CVE-2013-4587,2
overall,CVE-2013-4563,2
overall,CVE-2013-4516,2
overall,CVE-2013-4515,2
overall,CVE-2013-4513,2
overall,CVE-2013-4483,2
overall,CVE-2013-4470,2
overall,CVE-2013-4300,2
overall,CVE-2013-4270,2
overall,CVE-2013-4265,2
overall,CVE-2013-4254,2
overall,CVE-2013-4247,2
overall,CVE-2013-4244,2
overall,CVE-2013-4220,2
overall,CVE-2013-4163,2
overall,CVE-2013-4162,2
overall,CVE-2013-4127,2
overall,CVE-2013-3302,2
overall,CVE-2013-3301,2
overall,CVE-2013-3230,2
overall,CVE-2013-3229,2
overall,CVE-2013-3224,2
overall,CVE-2013-2930,2
overall,CVE-2013-2929,2
overall,CVE-2013-2850,2
overall,CVE-2013-2635,2
overall,CVE-2013-2596,2
overall,CVE-2013-2546,2
overall,CVE-2013-2174,2
overall,CVE-2013-2141,2
overall,CVE-2013-2140,2
overall,CVE-2013-2128,2
overall,CVE-2013-2061,2
overall,CVE-2013-2058,2
overall,CVE-2013-2015,2
overall,CVE-2013-1957,2
overall,CVE-2013-1956,2
overall,CVE-2013-1929,2
overall,CVE-2013-1928,2
overall,CVE-2013-1860,2
overall,CVE-2013-1828,2
overall,CVE-2013-1826,2
overall,CVE-2013-1819,2
overall,CVE-2013-1774,2
overall,CVE-2013-1772,2
overall,CVE-2013-1428,2
overall,CVE-2013-1416,2
overall,CVE-2013-1415,2
overall,CVE-2013-0914,2
overall,CVE-2013-0349,2
overall,CVE-2013-0313,2
overall,CVE-2013-0310,2
overall,CVE-2013-0290,2
overall,CVE-2013-0268,2
overall,CVE-2013-0211,2
overall,CVE-2012-6549,2
overall,CVE-2012-6548,2
overall,CVE-2012-6547,2
overall,CVE-2012-6541,2
overall,CVE-2012-6540,2
overall,CVE-2012-6537,2
overall,CVE-2012-4530,2
overall,CVE-2012-1016,2
overall,CVE-2011-4604,2
overall,CVE-2011-4348,2
overall,CVE-2011-4347,2
overall,CVE-2011-4087,2
overall,CVE-2011-3619,2
overall,CVE-2011-2905,2
overall,CVE-2011-2482,2
overall,CVE-2011-1180,2
overall,CVE-2011-1019,2
overall,CVE-2002-2443,2
overall,CVE-2014-9420,2
overall,CVE-2014-9419,2
overall,CVE-2014-8884,2
overall,CVE-2014-7283,2
overall,CVE-2014-7145,2
overall,CVE-2014-6410,2
overall,CVE-2014-6395,2
overall,CVE-2014-5206,2
overall,CVE-2014-5045,2
overall,CVE-2014-4611,2
overall,CVE-2014-4608,2
overall,CVE-2014-4503,2
overall,CVE-2014-4049,2
overall,CVE-2014-4027,2
overall,CVE-2014-3985,2
overall,CVE-2014-3688,2
overall,CVE-2014-3645,2
overall,CVE-2014-3597,2
overall,CVE-2014-3186,2
overall,CVE-2014-3182,2
overall,CVE-2014-3181,2
overall,CVE-2014-3158,2
overall,CVE-2014-3153,2
overall,CVE-2014-3122,2
overall,CVE-2014-2889,2
overall,CVE-2014-2739,2
overall,CVE-2014-2706,2
overall,CVE-2014-2673,2
overall,CVE-2014-2672,2
overall,CVE-2014-2038,2
overall,CVE-2014-1739,2
overall,CVE-2014-1690,2
overall,CVE-2014-1446,2
overall,CVE-2014-1445,2
overall,CVE-2014-1444,2
overall,CVE-2014-0205,2
overall,CVE-2014-0203,2
overall,CVE-2014-0069,2
overall,CVE-2014-0038,2
overall,CVE-2013-7348,2
overall,CVE-2013-7339,2
overall,CVE-2013-7262,2
overall,CVE-2013-4160,2
overall,CVE-2013-2182,2
overall,CVE-2013-0250,2
overall,CVE-2012-6657,2
overall,CVE-2012-6647,2
overall,CVE-2011-3602,2
overall,CVE-2011-2909,2
overall,CVE-2015-8660,2
overall,CVE-2015-7990,2
overall,CVE-2015-7885,2
overall,CVE-2015-7884,2
overall,CVE-2015-6937,2
overall,CVE-2015-6564,2
overall,CVE-2015-6563,2
overall,CVE-2015-6526,2
overall,CVE-2015-6252,2
overall,CVE-2015-6031,2
overall,CVE-2015-5706,2
overall,CVE-2015-5697,2
overall,CVE-2015-5287,2
overall,CVE-2015-5283,2
overall,CVE-2015-5273,2
overall,CVE-2015-5156,2
overall,CVE-2015-4471,2
overall,CVE-2015-4167,2
overall,CVE-2015-4001,2
overall,CVE-2015-3417,2
overall,CVE-2015-3339,2
overall,CVE-2015-3331,2
overall,CVE-2015-2922,2
overall,CVE-2015-2831,2
overall,CVE-2015-2698,2
overall,CVE-2015-2697,2
overall,CVE-2015-2694,2
overall,CVE-2015-2666,2
overall,CVE-2015-1867,2
overall,CVE-2015-1790,2
overall,CVE-2015-1421,2
overall,CVE-2015-0278,2
overall,CVE-2015-0239,2
overall,CVE-2015-0231,2
overall,CVE-2015-0206,2
overall,CVE-2015-0205,2
overall,CVE-2014-9730,2
overall,CVE-2014-9683,2
overall,CVE-2014-9644,2
overall,CVE-2014-9621,2
overall,CVE-2014-9529,2
overall,CVE-2014-9496,2
overall,CVE-2014-9421,2
overall,CVE-2014-8176,2
overall,CVE-2014-8160,2
overall,CVE-2014-7822,2
overall,CVE-2013-7441,2
overall,CVE-2016-9919,2
overall,CVE-2016-9888,2
overall,CVE-2016-9806,2
overall,CVE-2016-9794,2
overall,CVE-2016-9793,2
overall,CVE-2016-9777,2
overall,CVE-2016-9576,2
overall,CVE-2016-9539,2
overall,CVE-2016-9442,2
overall,CVE-2016-9191,2
overall,CVE-2016-9120,2
overall,CVE-2016-8858,2
overall,CVE-2016-8658,2
overall,CVE-2016-8646,2
overall,CVE-2016-8645,2
overall,CVE-2016-7917,2
overall,CVE-2016-7915,2
overall,CVE-2016-7912,2
overall,CVE-2016-7166,2
overall,CVE-2016-7141,2
overall,CVE-2016-7117,2
overall,CVE-2016-7115,2
overall,CVE-2016-6516,2
overall,CVE-2016-6515,2
overall,CVE-2016-6254,2
overall,CVE-2016-6187,2
overall,CVE-2016-6156,2
overall,CVE-2016-6130,2
overall,CVE-2016-5844,2
overall,CVE-2016-5829,2
overall,CVE-2016-5728,2
overall,CVE-2016-5689,2
overall,CVE-2016-5358,2
overall,CVE-2016-5356,2
overall,CVE-2016-5355,2
overall,CVE-2016-5353,2
overall,CVE-2016-5351,2
overall,CVE-2016-4951,2
overall,CVE-2016-4913,2
overall,CVE-2016-4804,2
overall,CVE-2016-4580,2
overall,CVE-2016-4482,2
overall,CVE-2016-4478,2
overall,CVE-2016-4303,2
overall,CVE-2016-4301,2
overall,CVE-2016-3955,2
overall,CVE-2016-3713,2
overall,CVE-2016-3140,2
overall,CVE-2016-3138,2
overall,CVE-2016-3136,2
overall,CVE-2016-3135,2
overall,CVE-2016-3120,2
overall,CVE-2016-3074,2
overall,CVE-2016-3062,2
overall,CVE-2016-2782,2
overall,CVE-2016-2544,2
overall,CVE-2016-2543,2
overall,CVE-2016-2385,2
overall,CVE-2016-2384,2
overall,CVE-2016-2315,2
overall,CVE-2016-2188,2
overall,CVE-2016-2187,2
overall,CVE-2016-2186,2
overall,CVE-2016-2185,2
overall,CVE-2016-2117,2
overall,CVE-2016-2085,2
overall,CVE-2016-2070,2
overall,CVE-2016-2053,2
overall,CVE-2016-0823,2
overall,CVE-2016-0728,2
overall,CVE-2015-8966,2
overall,CVE-2015-8961,2
overall,CVE-2015-8956,2
overall,CVE-2015-8953,2
overall,CVE-2015-8863,2
overall,CVE-2015-8845,2
overall,CVE-2015-8787,2
overall,CVE-2015-8785,2
overall,CVE-2015-8784,2
overall,CVE-2015-8629,2
overall,CVE-2015-7566,2
overall,CVE-2015-7515,2
overall,CVE-2015-4177,2
overall,CVE-2015-4170,2
overall,CVE-2015-1339,2
overall,CVE-2014-9904,2
overall,CVE-2014-9903,2
overall,CVE-2013-7455,2
overall,CVE-2012-6703,2
overall,CVE-2012-6689,2
overall,CVE-2011-5321,2
overall,CVE-2017-1000380,2
overall,CVE-2017-1000249,2
overall,CVE-2017-1000211,2
overall,CVE-2017-1000200,2
overall,CVE-2017-17857,2
overall,CVE-2017-17807,2
overall,CVE-2017-17806,2
overall,CVE-2017-17712,2
overall,CVE-2017-17439,2
overall,CVE-2017-17081,2
overall,CVE-2017-16994,2
overall,CVE-2017-16820,2
overall,CVE-2017-16803,2
overall,CVE-2017-16643,2
overall,CVE-2017-16535,2
overall,CVE-2017-16534,2
overall,CVE-2017-16533,2
overall,CVE-2017-16529,2
overall,CVE-2017-16528,2
overall,CVE-2017-15906,2
overall,CVE-2017-15868,2
overall,CVE-2017-15649,2
overall,CVE-2017-15306,2
overall,CVE-2017-15277,2
overall,CVE-2017-15116,2
overall,CVE-2017-15115,2
overall,CVE-2017-15102,2
overall,CVE-2017-15033,2
overall,CVE-2017-15032,2
overall,CVE-2017-14727,2
overall,CVE-2017-14502,2
overall,CVE-2017-14230,2
overall,CVE-2017-14222,2
overall,CVE-2017-14173,2
overall,CVE-2017-14166,2
overall,CVE-2017-14151,2
overall,CVE-2017-14140,2
overall,CVE-2017-14106,2
overall,CVE-2017-14059,2
overall,CVE-2017-14058,2
overall,CVE-2017-14056,2
overall,CVE-2017-14055,2
overall,CVE-2017-14040,2
overall,CVE-2017-13725,2
overall,CVE-2017-13695,2
overall,CVE-2017-13694,2
overall,CVE-2017-13693,2
overall,CVE-2017-13688,2
overall,CVE-2017-13686,2
overall,CVE-2017-13658,2
overall,CVE-2017-13146,2
overall,CVE-2017-13143,2
overall,CVE-2017-13055,2
overall,CVE-2017-13054,2
overall,CVE-2017-13052,2
overall,CVE-2017-13051,2
overall,CVE-2017-13050,2
overall,CVE-2017-13049,2
overall,CVE-2017-13045,2
overall,CVE-2017-13042,2
overall,CVE-2017-13038,2
overall,CVE-2017-13037,2
overall,CVE-2017-13036,2
overall,CVE-2017-13033,2
overall,CVE-2017-13031,2
overall,CVE-2017-13027,2
overall,CVE-2017-13025,2
overall,CVE-2017-13022,2
overall,CVE-2017-13017,2
overall,CVE-2017-13015,2
overall,CVE-2017-13014,2
overall,CVE-2017-13012,2
overall,CVE-2017-13011,2
overall,CVE-2017-13010,2
overall,CVE-2017-13007,2
overall,CVE-2017-13005,2
overall,CVE-2017-13002,2
overall,CVE-2017-13001,2
overall,CVE-2017-13000,2
overall,CVE-2017-12995,2
overall,CVE-2017-12994,2
overall,CVE-2017-12992,2
overall,CVE-2017-12989,2
overall,CVE-2017-12988,2
overall,CVE-2017-12982,2
overall,CVE-2017-12901,2
overall,CVE-2017-12897,2
overall,CVE-2017-12894,2
overall,CVE-2017-12877,2
overall,CVE-2017-12662,2
overall,CVE-2017-12427,2
overall,CVE-2017-12193,2
overall,CVE-2017-11665,2
overall,CVE-2017-11522,2
overall,CVE-2017-11472,2
overall,CVE-2017-11328,2
overall,CVE-2017-11176,2
overall,CVE-2017-11171,2
overall,CVE-2017-10929,2
overall,CVE-2017-10911,2
overall,CVE-2017-10810,2
overall,CVE-2017-10671,2
overall,CVE-2017-9996,2
overall,CVE-2017-9994,2
overall,CVE-2017-9993,2
overall,CVE-2017-9992,2
overall,CVE-2017-9991,2
overall,CVE-2017-9990,2
overall,CVE-2017-9605,2
overall,CVE-2017-9527,2
overall,CVE-2017-9520,2
overall,CVE-2017-9501,2
overall,CVE-2017-9499,2
overall,CVE-2017-9242,2
overall,CVE-2017-9229,2
overall,CVE-2017-9225,2
overall,CVE-2017-9217,2
overall,CVE-2017-9211,2
overall,CVE-2017-9201,2
overall,CVE-2017-9144,2
overall,CVE-2017-9098,2
overall,CVE-2017-9075,2
overall,CVE-2017-9051,2
overall,CVE-2017-8925,2
overall,CVE-2017-8831,2
overall,CVE-2017-8825,2
overall,CVE-2017-8073,2
overall,CVE-2017-8072,2
overall,CVE-2017-8070,2
overall,CVE-2017-8066,2
overall,CVE-2017-8065,2
overall,CVE-2017-8064,2
overall,CVE-2017-8063,2
overall,CVE-2017-8061,2
overall,CVE-2017-7962,2
overall,CVE-2017-7875,2
overall,CVE-2017-7866,2
overall,CVE-2017-7863,2
overall,CVE-2017-7854,2
overall,CVE-2017-7585,2
overall,CVE-2017-7645,2
overall,CVE-2017-7541,2
overall,CVE-2017-7533,2
overall,CVE-2017-7487,2
overall,CVE-2017-7274,2
overall,CVE-2017-7273,2
overall,CVE-2017-6890,2
overall,CVE-2017-6502,2
overall,CVE-2017-6501,2
overall,CVE-2017-6500,2
overall,CVE-2017-6497,2
overall,CVE-2017-6436,2
overall,CVE-2017-6430,2
overall,CVE-2017-6429,2
overall,CVE-2017-6348,2
overall,CVE-2017-6347,2
overall,CVE-2017-6194,2
overall,CVE-2017-6074,2
overall,CVE-2017-6001,2
overall,CVE-2017-5985,2
overall,CVE-2017-5847,2
overall,CVE-2017-5668,2
overall,CVE-2017-5551,2
overall,CVE-2017-5550,2
overall,CVE-2017-5549,2
overall,CVE-2017-5508,2
overall,CVE-2017-5506,2
overall,CVE-2017-5340,2
overall,CVE-2017-5226,2
overall,CVE-2017-5225,2
overall,CVE-2017-5209,2
overall,CVE-2017-5207,2
overall,CVE-2017-5206,2
overall,CVE-2017-0380,2
overall,CVE-2017-0377,2
overall,CVE-2016-10375,2
overall,CVE-2016-10318,2
overall,CVE-2016-10092,2
overall,CVE-2016-10266,2
overall,CVE-2016-10250,2
overall,CVE-2016-10248,2
overall,CVE-2016-10208,2
overall,CVE-2016-10197,2
overall,CVE-2016-10196,2
overall,CVE-2016-10195,2
overall,CVE-2016-10192,2
overall,CVE-2016-10189,2
overall,CVE-2016-10161,2
overall,CVE-2016-10158,2
overall,CVE-2016-10156,2
overall,CVE-2016-10154,2
overall,CVE-2016-10144,2
overall,CVE-2016-10094,2
overall,CVE-2016-10069,2
overall,CVE-2016-10068,2
overall,CVE-2016-10067,2
overall,CVE-2016-10064,2
overall,CVE-2016-10060,2
overall,CVE-2016-10053,2
overall,CVE-2016-10048,2
overall,CVE-2016-10046,2
overall,CVE-2016-10044,2
overall,CVE-2016-10030,2
overall,CVE-2016-10011,2
overall,CVE-2016-9936,2
overall,CVE-2016-9935,2
overall,CVE-2016-9843,2
overall,CVE-2016-9842,2
overall,CVE-2016-9841,2
overall,CVE-2016-9840,2
overall,CVE-2016-9556,2
overall,CVE-2016-9391,2
overall,CVE-2016-9389,2
overall,CVE-2016-8887,2
overall,CVE-2016-8690,2
overall,CVE-2016-8693,2
overall,CVE-2016-8689,2
overall,CVE-2016-8687,2
overall,CVE-2016-8636,2
overall,CVE-2016-7972,2
overall,CVE-2016-7970,2
overall,CVE-2016-7799,2
overall,CVE-2016-7540,2
overall,CVE-2016-7533,2
overall,CVE-2016-7529,2
overall,CVE-2016-7528,2
overall,CVE-2016-7521,2
overall,CVE-2016-7520,2
overall,CVE-2016-7515,2
overall,CVE-2016-7145,2
overall,CVE-2016-7144,2
overall,CVE-2016-6911,2
overall,CVE-2016-3695,2
overall,CVE-2016-3179,2
overall,CVE-2016-3178,2
overall,CVE-2016-2347,2
overall,CVE-2015-8959,2
overall,CVE-2015-8900,2
overall,CVE-2015-8898,2
overall,CVE-2015-8897,2
overall,CVE-2015-8896,2
overall,CVE-2015-8894,2
overall,CVE-2015-8026,2
overall,CVE-2015-7837,2
overall,CVE-2015-6817,2
overall,CVE-2015-5221,2
overall,CVE-2014-9940,2
overall,CVE-2014-9914,2
overall,CVE-2014-4978,2
overall,CVE-2018-1999015,2
overall,CVE-2018-1999013,2
overall,CVE-2018-1999012,2
overall,CVE-2018-1999011,2
overall,CVE-2018-1999010,2
overall,CVE-2018-1000880,2
overall,CVE-2018-1000879,2
overall,CVE-2018-1000852,2
overall,CVE-2018-1000524,2
overall,CVE-2018-1000127,2
overall,CVE-2018-20542,2
overall,CVE-2018-20511,2
overall,CVE-2018-20145,2
overall,CVE-2018-19854,2
overall,CVE-2018-19841,2
overall,CVE-2018-19497,2
overall,CVE-2018-19199,2
overall,CVE-2018-19198,2
overall,CVE-2018-19115,2
overall,CVE-2018-19052,2
overall,CVE-2018-18955,2
overall,CVE-2018-18710,2
overall,CVE-2018-18690,2
overall,CVE-2018-18585,2
overall,CVE-2018-17942,2
overall,CVE-2018-17206,2
overall,CVE-2018-17205,2
overall,CVE-2018-17204,2
overall,CVE-2018-17082,2
overall,CVE-2018-16840,2
overall,CVE-2018-16839,2
overall,CVE-2018-16749,2
overall,CVE-2018-16645,2
overall,CVE-2018-16642,2
overall,CVE-2018-16435,2
overall,CVE-2018-16276,2
overall,CVE-2018-16253,2
overall,CVE-2018-15863,2
overall,CVE-2018-15859,2
overall,CVE-2018-15858,2
overall,CVE-2018-15857,2
overall,CVE-2018-15856,2
overall,CVE-2018-15855,2
overall,CVE-2018-15836,2
overall,CVE-2018-15572,2
overall,CVE-2018-15501,2
overall,CVE-2018-15132,2
overall,CVE-2018-15120,2
overall,CVE-2018-14681,2
overall,CVE-2018-14395,2
overall,CVE-2018-14363,2
overall,CVE-2018-14356,2
overall,CVE-2018-14354,2
overall,CVE-2018-13785,2
overall,CVE-2018-13406,2
overall,CVE-2018-13405,2
overall,CVE-2018-13303,2
overall,CVE-2018-13301,2
overall,CVE-2018-13095,2
overall,CVE-2018-13094,2
overall,CVE-2018-13006,2
overall,CVE-2018-12633,2
overall,CVE-2018-12459,2
overall,CVE-2018-12320,2
overall,CVE-2018-12249,2
overall,CVE-2018-12248,2
overall,CVE-2018-12247,2
overall,CVE-2018-11596,2
overall,CVE-2018-11592,2
overall,CVE-2018-11591,2
overall,CVE-2018-11508,2
overall,CVE-2018-11384,2
overall,CVE-2018-11382,2
overall,CVE-2018-11381,2
overall,CVE-2018-11380,2
overall,CVE-2018-11379,2
overall,CVE-2018-11377,2
overall,CVE-2018-11232,2
overall,CVE-2018-10887,2
overall,CVE-2018-10717,2
overall,CVE-2018-10675,2
overall,CVE-2018-10360,2
overall,CVE-2018-10199,2
overall,CVE-2018-10191,2
overall,CVE-2018-10124,2
overall,CVE-2018-10074,2
overall,CVE-2018-9336,2
overall,CVE-2018-9275,2
overall,CVE-2018-8970,2
overall,CVE-2018-8897,2
overall,CVE-2018-8828,2
overall,CVE-2018-8788,2
overall,CVE-2018-8787,2
overall,CVE-2018-8786,2
overall,CVE-2018-8784,2
overall,CVE-2018-8087,2
overall,CVE-2018-8043,2
overall,CVE-2018-7998,2
overall,CVE-2018-7757,2
overall,CVE-2018-7480,2
overall,CVE-2018-7247,2
overall,CVE-2018-6767,2
overall,CVE-2018-6651,2
overall,CVE-2018-5873,2
overall,CVE-2018-5344,2
overall,CVE-2018-1091,2
overall,CVE-2018-0500,2
overall,CVE-2017-1000494,2
overall,CVE-2017-1000418,2
overall,CVE-2017-18257,2
overall,CVE-2017-18255,2
overall,CVE-2017-18249,2
overall,CVE-2017-18248,2
overall,CVE-2017-18221,2
overall,CVE-2017-18208,2
overall,CVE-2017-18204,2
overall,CVE-2017-18203,2
overall,CVE-2017-18200,2
overall,CVE-2017-18193,2
overall,CVE-2017-18190,2
overall,CVE-2017-18187,2
overall,CVE-2017-18017,2
overall,CVE-2017-15129,2
overall,CVE-2017-15128,2
overall,CVE-2017-9732,2
overall,CVE-2017-2616,2
overall,CVE-2016-7035,2
overall,CVE-2016-5314,2
overall,CVE-2019-1010305,2
overall,CVE-2019-1010239,2
overall,CVE-2019-1010208,2
overall,CVE-2019-1000020,2
overall,CVE-2019-1000019,2
overall,CVE-2019-17547,2
overall,CVE-2019-17542,2
overall,CVE-2019-16995,2
overall,CVE-2019-16994,2
overall,CVE-2019-16714,2
overall,CVE-2019-16058,2
overall,CVE-2019-15924,2
overall,CVE-2019-15921,2
overall,CVE-2019-15918,2
overall,CVE-2019-15917,2
overall,CVE-2019-15538,2
overall,CVE-2019-15166,2
overall,CVE-2019-15165,2
overall,CVE-2019-15141,2
overall,CVE-2019-14981,2
overall,CVE-2019-14980,2
overall,CVE-2019-14934,2
overall,CVE-2019-14495,2
overall,CVE-2019-14462,2
overall,CVE-2019-14459,2
overall,CVE-2019-14323,2
overall,CVE-2019-14283,2
overall,CVE-2019-13454,2
overall,CVE-2019-13311,2
overall,CVE-2019-13308,2
overall,CVE-2019-13304,2
overall,CVE-2019-13302,2
overall,CVE-2019-13300,2
overall,CVE-2019-13298,2
overall,CVE-2019-13297,2
overall,CVE-2019-13296,2
overall,CVE-2019-13272,2
overall,CVE-2019-13224,2
overall,CVE-2019-13135,2
overall,CVE-2019-12819,2
overall,CVE-2019-12439,2
overall,CVE-2019-12111,2
overall,CVE-2019-12110,2
overall,CVE-2019-12106,2
overall,CVE-2019-12098,2
overall,CVE-2019-11884,2
overall,CVE-2019-11815,2
overall,CVE-2019-11810,2
overall,CVE-2019-11498,2
overall,CVE-2019-11463,2
overall,CVE-2019-11412,2
overall,CVE-2019-11411,2
overall,CVE-2019-11339,2
overall,CVE-2019-10672,2
overall,CVE-2019-10664,2
overall,CVE-2019-10638,2
overall,CVE-2019-10131,2
overall,CVE-2019-9578,2
overall,CVE-2019-8906,2
overall,CVE-2019-7395,2
overall,CVE-2019-3877,2
overall,CVE-2018-21017,2
overall,CVE-2018-21010,2
overall,CVE-2018-20961,2
overall,CVE-2018-20856,2
overall,CVE-2018-20855,2
overall,CVE-2018-20784,2
overall,CVE-2018-20763,2
overall,CVE-2018-16452,2
overall,CVE-2018-16451,2
overall,CVE-2018-16300,2
overall,CVE-2018-16229,2
overall,CVE-2018-16227,2
overall,CVE-2018-14880,2
overall,CVE-2018-14879,2
overall,CVE-2018-14498,2
overall,CVE-2018-14470,2
overall,CVE-2018-14469,2
overall,CVE-2018-14468,2
overall,CVE-2018-14467,2
overall,CVE-2018-14465,2
overall,CVE-2018-14463,2
overall,CVE-2018-14462,2
overall,CVE-2018-14461,2
overall,CVE-2017-18379,2
overall,CVE-2017-18360,2
overall,CVE-2016-10764,2
overall,CVE-2016-10749,2
overall,CVE-2016-10746,2
overall,CVE-2015-9289,2
overall,CVE-2011-5327,2
overall,CVE-2010-5331,2
overall,CVE-2007-6762,2
overall,CVE-2012-3400,2
overall,CVE-2012-0038,2
overall,CVE-2013-1959,2
overall,CVE-2012-6546,2
overall,CVE-2014-4656,2
overall,CVE-2015-4002,2
overall,CVE-2016-5688,2
overall,CVE-2016-3698,2
overall,CVE-2017-13028,2
overall,CVE-2017-13004,2
overall,CVE-2017-12899,2
overall,CVE-2017-12843,2
overall,CVE-2017-12190,2
overall,CVE-2017-11449,2
overall,CVE-2017-11142,2
overall,CVE-2017-9995,2
overall,CVE-2017-5511,2
overall,CVE-2016-10129,2
overall,CVE-2016-7101,2
overall,CVE-2016-6906,2
overall,CVE-2015-8958,2
overall,CVE-2018-1000041,2
overall,CVE-2018-18021,2
overall,CVE-2018-17456,2
overall,CVE-2018-9989,2
overall,CVE-2018-9988,2
overall,CVE-2018-8098,2
overall,CVE-2019-16718,2
overall,CVE-2019-14763,2
overall,CVE-2019-12109,2
overall,CVE-2019-10714,2
overall,CVE-2011-3916,2
overall,CVE-2011-2836,2
overall,CVE-2011-2843,2
overall,CVE-2011-2851,2
overall,CVE-2011-2853,2
overall,CVE-2011-2854,2
overall,CVE-2011-2834,2
overall,CVE-2011-2859,2
overall,CVE-2011-2860,2
overall,CVE-2011-2864,2
overall,CVE-2011-2822,2
overall,CVE-2011-2806,2
overall,CVE-2011-2829,2
overall,CVE-2011-2782,2
overall,CVE-2011-2785,2
overall,CVE-2011-2801,2
overall,CVE-2011-1799,2
overall,CVE-2012-2876,2
overall,CVE-2012-2874,2
overall,CVE-2012-2872,2
overall,CVE-2012-2842,2
overall,CVE-2012-2823,2
overall,CVE-2012-2824,2
overall,CVE-2012-2833,2
overall,CVE-2011-3956,2
overall,CVE-2011-3961,2
overall,CVE-2011-3965,2
overall,CVE-2011-3927,2
overall,CVE-2011-3103,2
overall,CVE-2011-3114,2
overall,CVE-2011-3083,2
overall,CVE-2011-3050,2
overall,CVE-2013-6634,2
overall,CVE-2013-6640,2
overall,CVE-2013-6621,2
overall,CVE-2013-6627,2
overall,CVE-2013-2926,2
overall,CVE-2013-2909,2
overall,CVE-2013-2911,2
overall,CVE-2013-2914,2
overall,CVE-2013-2917,2
overall,CVE-2013-2920,2
overall,CVE-2013-2921,2
overall,CVE-2013-2900,2
overall,CVE-2013-2905,2
overall,CVE-2013-2884,2
overall,CVE-2013-2873,2
overall,CVE-2013-2874,2
overall,CVE-2013-2876,2
overall,CVE-2013-2878,2
overall,CVE-2013-2857,2
overall,CVE-2013-2862,2
overall,CVE-2013-0880,2
overall,CVE-2013-0881,2
overall,CVE-2013-0889,2
overall,CVE-2013-0890,2
overall,CVE-2013-0893,2
overall,CVE-2013-0895,2
overall,CVE-2013-0920,2
overall,CVE-2013-0922,2
overall,CVE-2013-0923,2
overall,CVE-2013-0926,2
overall,CVE-2013-0912,2
overall,CVE-2013-0909,2
overall,CVE-2012-5154,2
overall,CVE-2012-5155,2
overall,CVE-2013-0836,2
overall,CVE-2013-0837,2
overall,CVE-2014-7909,2
overall,CVE-2014-3198,2
overall,CVE-2014-3160,2
overall,CVE-2014-3157,2
overall,CVE-2014-1710,2
overall,CVE-2014-1700,2
overall,CVE-2013-6649,2
overall,CVE-2013-6643,2
overall,CVE-2015-6790,2
overall,CVE-2015-6768,2
overall,CVE-2015-6772,2
overall,CVE-2015-6783,2
overall,CVE-2015-6786,2
overall,CVE-2015-1232,2
overall,CVE-2015-1302,2
overall,CVE-2015-1233,2
overall,CVE-2016-5170,2
overall,CVE-2016-5152,2
overall,CVE-2016-5156,2
overall,CVE-2016-5158,2
overall,CVE-2016-5166,2
overall,CVE-2016-5182,2
overall,CVE-2016-5187,2
overall,CVE-2016-5191,2
overall,CVE-2016-1631,2
overall,CVE-2016-1616,2
overall,CVE-2016-1697,2
overall,CVE-2016-1698,2
overall,CVE-2016-1670,2
overall,CVE-2016-1654,2
overall,CVE-2016-1657,2
overall,CVE-2016-1643,2
overall,CVE-2016-1624,2
overall,CVE-2017-5094,2
overall,CVE-2017-5101,2
overall,CVE-2017-5105,2
overall,CVE-2017-5108,2
overall,CVE-2017-5057,2
overall,CVE-2017-5067,2
overall,CVE-2017-5069,2
overall,CVE-2017-5056,2
overall,CVE-2017-5053,2
overall,CVE-2017-5008,2
overall,CVE-2017-5016,2
overall,CVE-2016-5220,2
overall,CVE-2016-5222,2
overall,CVE-2016-5225,2
overall,CVE-2016-5224,2
overall,CVE-2016-5200,2
overall,CVE-2016-1664,2
overall,CVE-2018-18337,2
overall,CVE-2018-18339,2
overall,CVE-2018-18341,2
overall,CVE-2018-18344,2
overall,CVE-2018-18346,2
overall,CVE-2018-18347,2
overall,CVE-2018-18349,2
overall,CVE-2018-18351,2
overall,CVE-2018-18355,2
overall,CVE-2018-18357,2
overall,CVE-2018-20070,2
overall,CVE-2018-17462,2
overall,CVE-2018-17473,2
overall,CVE-2018-17476,2
overall,CVE-2018-6031,2
overall,CVE-2018-6033,2
overall,CVE-2018-6041,2
overall,CVE-2018-6046,2
overall,CVE-2018-6047,2
overall,CVE-2018-6050,2
overall,CVE-2018-6051,2
overall,CVE-2018-6053,2
overall,CVE-2018-6054,2
overall,CVE-2018-6086,2
overall,CVE-2018-6088,2
overall,CVE-2018-6101,2
overall,CVE-2018-6102,2
overall,CVE-2018-6115,2
overall,CVE-2018-6117,2
overall,CVE-2018-6060,2
overall,CVE-2018-6063,2
overall,CVE-2018-6070,2
overall,CVE-2018-6076,2
overall,CVE-2018-6078,2
overall,CVE-2017-15407,2
overall,CVE-2017-15416,2
overall,CVE-2017-15427,2
overall,CVE-2017-15398,2
overall,CVE-2017-5129,2
overall,CVE-2017-15390,2
overall,CVE-2017-15393,2
overall,CVE-2017-15394,2
overall,CVE-2019-5828,2
overall,CVE-2019-5816,2
overall,CVE-2019-5788,2
overall,CVE-2019-5802,2
overall,CVE-2019-5803,2
overall,CVE-2019-5804,2
overall,CVE-2019-5786,2
overall,CVE-2019-5754,2
overall,CVE-2019-5757,2
overall,CVE-2019-5755,2
overall,CVE-2018-20073,2
overall,CVE-2018-6159,2
overall,CVE-2018-6169,2
overall,CVE-2018-6171,2
overall,CVE-2018-6178,2
overall,CVE-2018-4117,2
overall,CVE-2018-16067,2
overall,CVE-2018-16074,2
overall,CVE-2018-16081,2
overall,CVE-2018-16086,2
overall,CVE-2018-6132,2
overall,CVE-2018-6134,2
overall,CVE-2018-6137,2
overall,CVE-2018-6139,2
overall,CVE-2018-6143,2
overall,CVE-2018-6121,2
overall,CVE-2016-1672,2
overall,CVE-2016-1682,2
overall,CVE-2016-1686,2
overall,CVE-2015-3845,2
overall,CVE-2015-3836,2
overall,CVE-2015-3834,2
overall,CVE-2015-3831,2
overall,CVE-2015-1539,2
overall,CVE-2015-1536,2
overall,CVE-2016-6722,2
overall,CVE-2016-6712,2
overall,CVE-2016-6699,2
overall,CVE-2016-3924,2
overall,CVE-2016-3913,2
overall,CVE-2016-3900,2
overall,CVE-2016-3899,2
overall,CVE-2016-3890,2
overall,CVE-2016-3881,2
overall,CVE-2016-3879,2
overall,CVE-2016-3878,2
overall,CVE-2016-3837,2
overall,CVE-2016-3830,2
overall,CVE-2016-3827,2
overall,CVE-2016-3822,2
overall,CVE-2016-3819,2
overall,CVE-2016-3765,2
overall,CVE-2016-3764,2
overall,CVE-2016-3758,2
overall,CVE-2016-3757,2
overall,CVE-2016-3756,2
overall,CVE-2016-3754,2
overall,CVE-2016-2507,2
overall,CVE-2016-2505,2
overall,CVE-2016-2499,2
overall,CVE-2016-2494,2
overall,CVE-2016-2486,2
overall,CVE-2016-2449,2
overall,CVE-2016-2440,2
overall,CVE-2016-2428,2
overall,CVE-2016-2420,2
overall,CVE-2016-2419,2
overall,CVE-2016-2418,2
overall,CVE-2016-2417,2
overall,CVE-2016-2416,2
overall,CVE-2016-1621,2
overall,CVE-2016-1503,2
overall,CVE-2016-0846,2
overall,CVE-2016-0839,2
overall,CVE-2016-0829,2
overall,CVE-2016-0828,2
overall,CVE-2016-0815,2
overall,CVE-2016-0811,2
overall,CVE-2016-0809,2
overall,CVE-2016-0808,2
overall,CVE-2016-0807,2
overall,CVE-2016-0804,2
overall,CVE-2015-6640,2
overall,CVE-2017-0823,2
overall,CVE-2017-0819,2
overall,CVE-2017-0818,2
overall,CVE-2017-0813,2
overall,CVE-2017-0812,2
overall,CVE-2017-0810,2
overall,CVE-2017-0637,2
overall,CVE-2017-0635,2
overall,CVE-2017-0594,2
overall,CVE-2017-0591,2
overall,CVE-2017-0557,2
overall,CVE-2017-0556,2
overall,CVE-2017-0547,2
overall,CVE-2017-0542,2
overall,CVE-2017-0541,2
overall,CVE-2017-0539,2
overall,CVE-2017-0396,2
overall,CVE-2018-9508,2
overall,CVE-2018-9507,2
overall,CVE-2018-9505,2
overall,CVE-2018-9504,2
overall,CVE-2018-9499,2
overall,CVE-2018-9498,2
overall,CVE-2018-9491,2
overall,CVE-2018-9490,2
overall,CVE-2018-9473,2
overall,CVE-2017-13200,2
overall,CVE-2017-13198,2
overall,CVE-2017-13194,2
overall,CVE-2017-13190,2
overall,CVE-2017-13189,2
overall,CVE-2017-13187,2
overall,CVE-2017-13185,2
overall,CVE-2017-7376,2
overall,CVE-2015-3849,2
overall,CVE-2015-3835,2
overall,CVE-2015-1528,2
overall,CVE-2016-6720,2
overall,CVE-2016-3909,2
overall,CVE-2016-3871,2
overall,CVE-2016-3760,2
overall,CVE-2016-2508,2
overall,CVE-2016-2464,2
overall,CVE-2016-2452,2
overall,CVE-2017-0402,2
overall,CVE-2018-9503,2
overall,CVE-2009-3607,2
overall,CVE-2017-16853,2
overall,CVE-2017-13723,2
overall,CVE-2015-3196,2
overall,CVE-2017-9610,2
overall,CVE-2014-9665,2
overall,CVE-2014-9663,2
overall,CVE-2017-6386,2
overall,CVE-2016-6303,2
overall,CVE-2016-6263,2
overall,CVE-2016-4356,2
overall,CVE-2016-1907,2
overall,CVE-2016-10328,2
overall,CVE-2014-0221,2
overall,CVE-2018-0739,2
overall,CVE-2012-3511,2
overall,CVE-2012-2384,2
overall,CVE-2012-1090,2
overall,CVE-2011-3191,2
overall,CVE-2011-2906,2
overall,CVE-2011-2518,2
overall,CVE-2011-2496,2
overall,CVE-2011-2495,2
overall,CVE-2011-1160,2
overall,CVE-2013-6431,2
overall,CVE-2013-4512,2
overall,CVE-2013-3226,2
overall,CVE-2013-2146,2
overall,CVE-2013-1767,2
overall,CVE-2013-1763,2
overall,CVE-2014-5353,2
overall,CVE-2014-1874,2
overall,CVE-2014-0749,2
overall,CVE-2014-0206,2
overall,CVE-2014-0131,2
overall,CVE-2014-0101,2
overall,CVE-2015-4036,2
overall,CVE-2015-1788,2
overall,CVE-2015-1191,2
overall,CVE-2015-0275,2
overall,CVE-2014-9756,2
overall,CVE-2014-9728,2
overall,CVE-2014-9428,2
overall,CVE-2014-9423,2
overall,CVE-2014-9422,2
overall,CVE-2014-8275,2
overall,CVE-2014-5352,2
overall,CVE-2013-7421,2
overall,CVE-2016-9555,2
overall,CVE-2016-8650,2
overall,CVE-2016-7916,2
overall,CVE-2016-7425,2
overall,CVE-2016-7413,2
overall,CVE-2016-7143,2
overall,CVE-2016-6905,2
overall,CVE-2016-6136,2
overall,CVE-2016-2180,2
overall,CVE-2016-0758,2
overall,CVE-2016-0723,2
overall,CVE-2015-8872,2
overall,CVE-2015-8816,2
overall,CVE-2013-7449,2
overall,CVE-2017-17052,2
overall,CVE-2017-16532,2
overall,CVE-2017-16530,2
overall,CVE-2017-14767,2
overall,CVE-2017-14341,2
overall,CVE-2017-13034,2
overall,CVE-2017-13032,2
overall,CVE-2017-12985,2
overall,CVE-2017-12168,2
overall,CVE-2017-11399,2
overall,CVE-2017-8067,2
overall,CVE-2017-7189,2
overall,CVE-2017-6892,2
overall,CVE-2017-6498,2
overall,CVE-2017-6307,2
overall,CVE-2017-5923,2
overall,CVE-2017-5601,2
overall,CVE-2017-5577,2
overall,CVE-2016-10168,2
overall,CVE-2016-10065,2
overall,CVE-2016-9560,2
overall,CVE-2016-8692,2
overall,CVE-2016-8688,2
overall,CVE-2016-8677,2
overall,CVE-2016-8675,2
overall,CVE-2016-6255,2
overall,CVE-2015-8957,2
overall,CVE-2015-8750,2
overall,CVE-2006-5331,2
overall,CVE-2006-3635,2
overall,CVE-2018-1999014,2
overall,CVE-2018-20169,2
overall,CVE-2018-14734,2
overall,CVE-2018-14361,2
overall,CVE-2018-11506,2
overall,CVE-2018-8099,2
overall,CVE-2018-6412,2
overall,CVE-2018-5333,2
overall,CVE-2017-18202,2
overall,CVE-2019-1010279,2
overall,CVE-2019-17534,2
overall,CVE-2019-17533,2
overall,CVE-2019-15946,2
overall,CVE-2019-13307,2
overall,CVE-2019-13136,2
overall,CVE-2019-12984,2
overall,CVE-2019-12107,2
overall,CVE-2019-11072,2
overall,CVE-2019-6974,2
overall,CVE-2018-16228,2
overall,CVE-2016-10741,2
overall,CVE-2012-6545,2
overall,CVE-2016-6128,2
overall,CVE-2016-5357,2
overall,CVE-2015-8830,2
overall,CVE-2016-7514,2
overall,CVE-2019-12973,2
overall,CVE-2011-3906,2
overall,CVE-2011-2830,2
overall,CVE-2011-2358,2
overall,CVE-2011-2798,2
overall,CVE-2011-2345,2
overall,CVE-2011-1301,2
overall,CVE-2012-5143,2
overall,CVE-2012-2817,2
overall,CVE-2013-2927,2
overall,CVE-2013-2913,2
overall,CVE-2013-0918,2
overall,CVE-2013-0841,2
overall,CVE-2013-0843,2
overall,CVE-2014-7903,2
overall,CVE-2014-7908,2
overall,CVE-2014-3156,2
overall,CVE-2015-6764,2
overall,CVE-2015-6782,2
overall,CVE-2015-1217,2
overall,CVE-2016-5147,2
overall,CVE-2016-1652,2
overall,CVE-2017-5110,2
overall,CVE-2017-5086,2
overall,CVE-2018-17467,2
overall,CVE-2018-6089,2
overall,CVE-2018-6114,2
overall,CVE-2017-15411,2
overall,CVE-2019-5824,2
overall,CVE-2019-5794,2
overall,CVE-2019-5775,2
overall,CVE-2019-5780,2
overall,CVE-2016-1675,2
overall,CVE-2015-3864,2
overall,CVE-2015-1538,2
overall,CVE-2015-1474,2
overall,CVE-2016-3742,2
overall,CVE-2016-2506,2
overall,CVE-2016-2448,2
overall,CVE-2016-2430,2
overall,CVE-2017-0817,2
overall,CVE-2017-0809,2
overall,CVE-2015-1529,2
overall,CVE-2018-9511,2
overall,CVE-2018-9506,2
overall,CVE-2017-13204,2
overall,CVE-2017-16612,2
overall,CVE-2018-19489,2
overall,CVE-2017-13673,2
overall,CVE-2019-12068,2
overall,CVE-2013-2007,2
overall,CVE-2018-14600,2
overall,CVE-2015-2348,2
overall,CVE-2009-0397,2
overall,CVE-2017-9375,2
overall,CVE-2017-9374,2
overall,CVE-2017-9330,2
overall,CVE-2014-9427,2
overall,CVE-2014-8626,2
overall,CVE-2016-9913,2
overall,CVE-2016-9105,2
overall,CVE-2016-9103,2
overall,CVE-2016-9102,2
overall,CVE-2016-7943,2
overall,CVE-2016-7423,2
overall,CVE-2016-7421,2
overall,CVE-2016-7161,2
overall,CVE-2016-7155,2
overall,CVE-2016-6888,2
overall,CVE-2016-6836,2
overall,CVE-2016-6833,2
overall,CVE-2016-6351,2
overall,CVE-2016-6290,2
overall,CVE-2017-5552,2
overall,CVE-2018-7731,2
overall,CVE-2018-7730,2
overall,CVE-2018-7729,2
overall,CVE-2018-7728,2
overall,CVE-2016-5338,2
overall,CVE-2016-4964,2
overall,CVE-2014-5388,2
overall,CVE-2016-4037,2
overall,CVE-2016-4020,2
overall,CVE-2016-3141,2
overall,CVE-2016-2841,2
overall,CVE-2018-20815,2
overall,CVE-2015-8838,2
overall,CVE-2015-8558,2
overall,CVE-2014-0182,2
overall,CVE-2015-7512,2
overall,CVE-2015-5589,2
overall,CVE-2015-4643,2
overall,CVE-2015-4642,2
overall,CVE-2013-6399,2
overall,CVE-2014-9766,2
overall,CVE-2013-4531,2
overall,CVE-2017-18238,2
overall,CVE-2017-18233,2
overall,CVE-2017-18030,2
overall,CVE-2017-7471,2
overall,CVE-2017-2633,2
overall,CVE-2014-4668,2
overall,CVE-2013-7294,2
overall,CVE-2015-4335,2
overall,CVE-2017-14107,2
overall,CVE-2017-12858,2
overall,CVE-2017-12847,2
overall,CVE-2017-8284,2
overall,CVE-2016-10517,2
overall,CVE-2016-1245,2
overall,CVE-2015-5194,2
overall,CVE-2015-3886,2
overall,CVE-2018-17294,2
overall,CVE-2018-12713,2
overall,CVE-2018-12453,2
overall,CVE-2018-12326,2
overall,CVE-2018-11363,2
overall,CVE-2018-11219,2
overall,CVE-2018-8754,2
overall,CVE-2017-18120,2
overall,CVE-2017-7500,2
overall,CVE-2019-1010294,2
overall,CVE-2019-1010293,2
overall,CVE-2019-1010292,2
overall,CVE-2019-12209,2
overall,CVE-2016-7398,2
overall,CVE-2020-14147,2
overall,CVE-2017-14223,2
overall,CVE-2015-4178,2
overall,CVE-2013-4539,2
overall,CVE-2016-10191,2
overall,CVE-2018-11590,2
overall,CVE-2018-13304,2
overall,CVE-2014-3478,2
overall,CVE-2013-4391,2
overall,CVE-2018-7254,2
overall,CVE-2016-7995,2
overall,CVE-2017-6387,2
overall,CVE-2019-15164,2
overall,CVE-2017-5545,2
overall,CVE-2016-8669,2
overall,CVE-2018-20102,2
overall,CVE-2019-15163,2
overall,CVE-2017-14976,2
overall,CVE-2018-7253,2
overall,CVE-2011-2493,2
overall,CVE-2016-5337,2
overall,CVE-2017-14171,2
overall,CVE-2016-10162,2
overall,CVE-2018-14599,2
overall,CVE-2014-0185,2
overall,CVE-2019-1010319,2
overall,CVE-2018-12322,2
overall,CVE-2016-6835,2
overall,CVE-2016-7170,2
overall,CVE-2018-7584,2
overall,CVE-2017-9060,2
overall,CVE-2016-5735,2
overall,CVE-2015-5479,2
overall,CVE-2016-4001,2
overall,CVE-2016-5126,2
overall,CVE-2019-12730,2
overall,CVE-2015-8467,2
overall,CVE-2013-4282,2
overall,CVE-2013-4150,2
overall,CVE-2018-11593,2
overall,CVE-2017-15368,2
overall,CVE-2013-1790,2
overall,CVE-2018-12321,2
overall,CVE-2012-0947,2
overall,CVE-2018-19840,2
overall,CVE-2019-17539,2
overall,CVE-2019-15296,2
overall,CVE-2016-7151,2
overall,CVE-2018-13302,2
overall,CVE-2017-5993,2
overall,CVE-2014-7840,2
overall,CVE-2016-2857,2
overall,CVE-2017-6952,2
overall,CVE-2018-18839,2
overall,CVE-2018-11594,2
overall,CVE-2010-3704,2
overall,CVE-2014-8106,2
overall,CVE-2014-8117,2
overall,CVE-2018-11383,2
overall,CVE-2014-2957,2
overall,CVE-2016-8577,2
overall,CVE-2019-1010317,2
overall,CVE-2016-3689,2
overall,CVE-2016-7466,2
overall,CVE-2019-15161,2
overall,CVE-2017-8086,2
overall,CVE-2011-3951,2
overall,CVE-2017-16645,2
overall,CVE-2009-0586,2
overall,CVE-2016-7908,2
overall,CVE-2010-4819,2
overall,CVE-2017-7865,2
overall,CVE-2018-20456,2
overall,CVE-2016-6490,2
overall,CVE-2015-8617,2
overall,CVE-2014-4617,2
overall,CVE-2017-11719,2
overall,CVE-2018-15822,2
overall,CVE-2013-7008,2
overall,CVE-2013-4149,2
overall,CVE-2017-8807,2
overall,CVE-2018-7752,2
overall,CVE-2013-4264,2
overall,CVE-2018-11378,2
overall,CVE-2016-10163,2
overall,CVE-2013-7296,2
overall,CVE-2017-18594,2
overall,CVE-2013-6380,2
overall,CVE-2017-7862,2
overall,CVE-2017-6448,2
overall,CVE-2018-19843,2
overall,CVE-2016-7480,2
overall,CVE-2019-15162,2
overall,CVE-2018-13300,2
overall,CVE-2021-40572,2
overall,CVE-2021-40570,2
overall,CVE-2022-23583,2
overall,CVE-2019-6128,2
overall,CVE-2018-7456,2
overall,CVE-2021-44078,2
overall,CVE-2022-23591,2
overall,CVE-2021-32613,2
overall,CVE-2022-23580,2
overall,CVE-2022-21682,2
overall,CVE-2022-23574,2
overall,CVE-2021-40562,2
overall,CVE-2021-3743,2
overall,CVE-2022-21739,2
overall,CVE-2022-21726,2
overall,CVE-2021-23214,2
overall,CVE-2016-7536,2
overall,CVE-2017-7869,2
overall,CVE-2022-21738,2
overall,CVE-2022-23559,2
overall,CVE-2018-18557,2
overall,CVE-2016-2533,2
overall,CVE-2018-6340,2
overall,CVE-2017-6838,2
overall,CVE-2017-6837,2
overall,CVE-2019-11935,2
overall,CVE-2017-14638,2
overall,CVE-2016-1000109,2
overall,CVE-2016-6872,2
overall,CVE-2019-8460,2
overall,CVE-2014-6228,2
overall,CVE-2018-6334,2
overall,CVE-2016-7524,2
overall,CVE-2019-3561,2
overall,CVE-2019-3569,2
overall,CVE-2014-9714,2
overall,CVE-2014-6229,2
overall,CVE-2018-6346,2
overall,CVE-2019-11930,2
overall,CVE-2020-16088,2
overall,CVE-2019-11487,2
overall,CVE-2017-14640,2
overall,CVE-2017-14639,2
overall,CVE-2017-14643,2
overall,CVE-2016-1000004,2
overall,CVE-2014-5386,2
overall,CVE-2018-1000118,2
overall,CVE-2021-37650,2
overall,CVE-2017-13145,2
overall,CVE-2022-29197,2
overall,CVE-2021-40346,2
overall,CVE-2021-37685,2
overall,CVE-2021-20257,2
overall,CVE-2010-3696,2
overall,CVE-2017-12678,2
overall,CVE-2020-15158,2
overall,CVE-2021-29613,2
overall,CVE-2021-29590,2
overall,CVE-2020-8941,2
overall,CVE-2020-15471,2
overall,CVE-2014-4501,2
overall,CVE-2020-15203,2
overall,CVE-2019-18625,2
overall,CVE-2019-19962,2
overall,CVE-2017-14175,2
overall,CVE-2021-29606,2
overall,CVE-2021-39157,2
overall,CVE-2019-3563,2
overall,CVE-2016-1709,2
overall,CVE-2020-23914,2
overall,CVE-2020-13765,2
overall,CVE-2021-29583,2
overall,CVE-2022-32200,2
overall,CVE-2021-37689,2
overall,CVE-2018-1000052,2
overall,CVE-2021-29597,2
overall,CVE-2021-28848,2
overall,CVE-2014-1438,2
overall,CVE-2018-14055,2
overall,CVE-2020-19488,2
overall,CVE-2022-29205,2
overall,CVE-2021-37679,2
overall,CVE-2022-24750,2
overall,CVE-2021-29516,2
overall,CVE-2022-32202,2
overall,CVE-2021-29577,2
overall,CVE-2021-30027,2
overall,CVE-2020-11080,2
overall,CVE-2021-29580,2
overall,CVE-2020-5253,2
overall,CVE-2021-32438,2
overall,CVE-2019-20918,2
overall,CVE-2020-19481,2
overall,CVE-2020-1896,2
overall,CVE-2015-8702,2
overall,CVE-2021-29604,2
overall,CVE-2019-11932,2
overall,CVE-2019-3565,2
overall,CVE-2021-44109,2
overall,CVE-2022-1172,2
overall,CVE-2020-35965,2
overall,CVE-2018-20684,2
overall,CVE-2021-29599,2
overall,CVE-2022-29198,2
overall,CVE-2021-29616,2
overall,CVE-2019-20016,2
overall,CVE-2021-28855,2
overall,CVE-2017-12640,2
overall,CVE-2020-6019,2
overall,CVE-2016-0775,2
overall,CVE-2021-29610,2
overall,CVE-2022-29193,2
overall,CVE-2017-16909,2
overall,CVE-2019-15522,2
overall,CVE-2020-35517,2
overall,CVE-2021-29571,2
overall,CVE-2020-36177,2
overall,CVE-2022-25051,2
overall,CVE-2018-21233,2
overall,CVE-2014-9625,2
overall,CVE-2020-11558,2
overall,CVE-2016-10544,2
overall,CVE-2021-29527,2
overall,CVE-2022-29242,2
overall,CVE-2019-11471,2
overall,CVE-2013-7459,2
overall,CVE-2021-29611,2
overall,CVE-2021-27135,2
overall,CVE-2020-11939,2
overall,CVE-2021-31257,2
overall,CVE-2018-20820,2
overall,CVE-2018-5813,2
overall,CVE-2019-3558,2
overall,CVE-2021-29521,2
overall,CVE-2022-1222,2
overall,CVE-2018-14017,2
overall,CVE-2012-2373,2
overall,CVE-2017-18183,2
overall,CVE-2021-37691,2
overall,CVE-2014-9767,2
overall,CVE-2022-29369,2
overall,CVE-2021-29546,2
overall,CVE-2022-30767,2
overall,CVE-2022-0630,2
overall,CVE-2018-6337,2
overall,CVE-2021-38114,2
overall,CVE-2020-5221,2
overall,CVE-2017-6800,2
overall,CVE-2019-14982,2
overall,CVE-2022-29339,2
overall,CVE-2021-37643,2
overall,CVE-2015-4590,2
overall,CVE-2017-20005,2
overall,CVE-2010-3697,2
overall,CVE-2019-3560,2
overall,CVE-2020-27793,2
overall,CVE-2021-29585,2
overall,CVE-2020-9365,2
overall,CVE-2021-37644,2
overall,CVE-2021-29515,2
overall,CVE-2020-21048,2
overall,CVE-2021-30022,2
overall,CVE-2018-14352,2
overall,CVE-2011-3188,2
overall,CVE-2018-1000815,2
overall,CVE-2014-9630,2
overall,CVE-2014-9629,2
overall,CVE-2021-30019,2
overall,CVE-2016-7969,2
overall,CVE-2021-41207,2
overall,CVE-2022-2454,2
overall,CVE-2021-37658,2
overall,CVE-2020-15207,2
overall,CVE-2015-4692,2
overall,CVE-2017-17760,2
overall,CVE-2018-12520,2
overall,CVE-2017-6802,2
overall,CVE-2022-28044,2
overall,CVE-2021-32135,2
overall,CVE-2020-5260,2
overall,CVE-2020-15476,2
overall,CVE-2017-17499,2
overall,CVE-2017-1000215,2
overall,CVE-2020-6018,2
overall,CVE-2020-26269,2
overall,CVE-2021-29593,2
overall,CVE-2019-3554,2
overall,CVE-2020-1913,2
overall,CVE-2016-6494,2
overall,CVE-2019-20630,2
overall,CVE-2014-3971,2
overall,CVE-2022-33105,2
overall,CVE-2017-7407,2
overall,CVE-2019-1000016,2
overall,CVE-2020-13881,2
overall,CVE-2020-8942,2
overall,CVE-2022-36752,2
overall,CVE-2014-9627,2
overall,CVE-2020-21050,2
overall,CVE-2019-20628,2
overall,CVE-2021-41205,2
overall,CVE-2018-5815,2
overall,CVE-2022-25299,2
overall,CVE-2017-7458,2
overall,CVE-2014-2567,2
overall,CVE-2018-14015,2
overall,CVE-2021-37594,2
overall,CVE-2021-29540,2
overall,CVE-2020-15852,2
overall,CVE-2017-5473,2
overall,CVE-2018-25017,2
overall,CVE-2017-16910,2
overall,CVE-2017-18549,2
overall,CVE-2013-4495,2
overall,CVE-2019-19067,2
overall,CVE-2020-16309,2
overall,CVE-2022-2257,2
overall,CVE-2019-20367,2
overall,CVE-2017-11334,2
overall,CVE-2019-5482,2
overall,CVE-2021-3673,2
overall,CVE-2019-9020,2
overall,CVE-2020-16307,2
overall,CVE-2019-15221,2
overall,CVE-2019-15217,2
overall,CVE-2015-7850,2
overall,CVE-2020-0182,2
overall,CVE-2010-4254,2
overall,CVE-2018-8881,2
overall,CVE-2008-3522,2
overall,CVE-2017-12595,2
overall,CVE-2019-17595,2
overall,CVE-2019-19965,2
overall,CVE-2017-10379,2
overall,CVE-2019-15219,2
overall,CVE-2020-14303,2
overall,CVE-2022-1785,2
overall,CVE-2016-5397,2
overall,CVE-2015-6831,2
overall,CVE-2015-3143,2
overall,CVE-2022-2304,2
overall,CVE-2017-16648,2
overall,CVE-2021-21705,2
overall,CVE-2020-27761,2
overall,CVE-2013-2765,2
overall,CVE-2009-1888,2
overall,CVE-2020-12059,2
overall,CVE-2014-8483,2
overall,CVE-2018-19432,2
overall,CVE-2013-1979,2
overall,CVE-2020-8955,2
overall,CVE-2020-13397,2
overall,CVE-2017-1000472,2
overall,CVE-2017-11473,2
overall,CVE-2017-7892,2
overall,CVE-2021-31535,2
overall,CVE-2011-1830,2
overall,CVE-2019-18811,2
overall,CVE-2022-0284,2
overall,CVE-2019-11026,2
overall,CVE-2019-18807,2
overall,CVE-2019-13108,2
overall,CVE-2020-35531,2
overall,CVE-2022-24301,2
overall,CVE-2019-25042,2
overall,CVE-2020-14093,2
overall,CVE-2014-3670,2
overall,CVE-2020-10720,2
overall,CVE-2020-13396,2
overall,CVE-2016-7795,2
overall,CVE-2012-3547,2
overall,CVE-2022-34612,2
overall,CVE-2017-17881,2
overall,CVE-2019-20795,2
overall,CVE-2019-10125,2
overall,CVE-2016-7164,2
overall,CVE-2019-9903,2
overall,CVE-2019-19523,2
overall,CVE-2019-12381,2
overall,CVE-2020-28588,2
overall,CVE-2018-10916,2
overall,CVE-2019-18812,2
overall,CVE-2021-3753,2
overall,CVE-2020-16587,2
overall,CVE-2018-10902,2
overall,CVE-2019-18609,2
overall,CVE-2021-30218,2
overall,CVE-2019-20925,2
overall,CVE-2019-15030,2
overall,CVE-2022-24958,2
overall,CVE-2016-5767,2
overall,CVE-2018-20804,2
overall,CVE-2013-4564,2
overall,CVE-2018-6556,2
overall,CVE-2012-2386,2
overall,CVE-2020-27758,2
overall,CVE-2012-5854,2
overall,CVE-2020-7063,2
overall,CVE-2020-14360,2
overall,CVE-2018-25020,2
overall,CVE-2019-11035,2
overall,CVE-2017-16913,2
overall,CVE-2019-13456,2
overall,CVE-2018-14434,2
overall,CVE-2017-14062,2
overall,CVE-2016-4473,2
overall,CVE-2018-8023,2
overall,CVE-2016-4609,2
overall,CVE-2016-5114,2
overall,CVE-2022-0408,2
overall,CVE-2019-16680,2
overall,CVE-2020-24654,2
overall,CVE-2020-35504,2
overall,CVE-2011-2896,2
overall,CVE-2014-0239,2
overall,CVE-2017-11639,2
overall,CVE-2018-20217,2
overall,CVE-2019-12735,2
overall,CVE-2017-18251,2
overall,CVE-2018-10177,2
overall,CVE-2017-16914,2
overall,CVE-2011-2203,2
overall,CVE-2018-5814,2
overall,CVE-2021-3756,2
overall,CVE-2016-2089,2
overall,CVE-2018-10881,2
overall,CVE-2018-15587,2
overall,CVE-2022-35737,2
overall,CVE-2021-41689,2
overall,CVE-2017-9216,2
overall,CVE-2019-13110,2
overall,CVE-2010-0421,2
overall,CVE-2020-11947,2
overall,CVE-2021-38209,2
overall,CVE-2019-11190,2
overall,CVE-2015-7976,2
overall,CVE-2022-1515,2
overall,CVE-2017-2618,2
overall,CVE-2019-9500,2
overall,CVE-2017-16355,2
overall,CVE-2019-15213,2
overall,CVE-2019-20422,2
overall,CVE-2019-18874,2
overall,CVE-2019-25045,2
overall,CVE-2021-35525,2
overall,CVE-2018-13053,2
overall,CVE-2019-13299,2
overall,CVE-2018-7052,2
overall,CVE-2014-0148,2
overall,CVE-2020-11869,2
overall,CVE-2019-15117,2
overall,CVE-2019-19048,2
overall,CVE-2021-3610,2
overall,CVE-2016-7444,2
overall,CVE-2019-20892,2
overall,CVE-2019-15717,2
overall,CVE-2019-13568,2
overall,CVE-2019-17544,2
overall,CVE-2022-1122,2
overall,CVE-2019-20637,2
overall,CVE-2015-7975,2
overall,CVE-2015-0844,2
overall,CVE-2018-18023,2
overall,CVE-2018-9251,2
overall,CVE-2022-1444,2
overall,CVE-2016-7030,2
overall,CVE-2018-5750,2
overall,CVE-2016-9630,2
overall,CVE-2016-9425,2
overall,CVE-2019-20788,2
overall,CVE-2016-7796,2
overall,CVE-2021-3975,2
overall,CVE-2021-20286,2
overall,CVE-2017-5336,2
overall,CVE-2019-3887,2
overall,CVE-2020-27770,2
overall,CVE-2019-9024,2
overall,CVE-2020-16292,2
overall,CVE-2014-0242,2
overall,CVE-2018-20330,2
overall,CVE-2021-3640,2
overall,CVE-2019-18934,2
overall,CVE-2018-10852,2
overall,CVE-2018-1106,2
overall,CVE-2011-1675,2
overall,CVE-2017-12418,2
overall,CVE-2011-1764,2
overall,CVE-2020-0030,2
overall,CVE-2020-25667,2
overall,CVE-2017-6887,2
overall,CVE-2022-2469,2
overall,CVE-2019-18808,2
overall,CVE-2021-3185,2
overall,CVE-2020-36385,2
overall,CVE-2017-16548,2
overall,CVE-2022-1649,2
overall,CVE-2021-20231,2
overall,CVE-2017-12805,2
overall,CVE-2017-16516,2
overall,CVE-2013-2065,2
overall,CVE-2014-0045,2
overall,CVE-2021-3472,2
overall,CVE-2018-18016,2
overall,CVE-2022-1898,2
overall,CVE-2019-9023,2
overall,CVE-2015-7519,2
overall,CVE-2017-17680,2
overall,CVE-2020-11042,2
overall,CVE-2020-36278,2
overall,CVE-2018-11695,2
overall,CVE-2017-12983,2
overall,CVE-2019-19725,2
overall,CVE-2021-29463,2
overall,CVE-2015-7871,2
overall,CVE-2015-3329,2
overall,CVE-2016-5841,2
overall,CVE-2019-20395,2
overall,CVE-2018-20337,2
overall,CVE-2019-13232,2
overall,CVE-2020-36223,2
overall,CVE-2016-4344,2
overall,CVE-2015-4024,2
overall,CVE-2017-6519,2
overall,CVE-2017-11624,2
overall,CVE-2015-8366,2
overall,CVE-2020-16589,2
overall,CVE-2020-0093,2
overall,CVE-2015-0243,2
overall,CVE-2018-19416,2
overall,CVE-2019-17545,2
overall,CVE-2020-27755,2
overall,CVE-2018-10873,2
overall,CVE-2021-3839,2
overall,CVE-2021-37750,2
overall,CVE-2016-9811,2
overall,CVE-2020-8622,2
overall,CVE-2019-19204,2
overall,CVE-2019-19059,2
overall,CVE-2019-3819,2
overall,CVE-2021-28021,2
overall,CVE-2019-19242,2
overall,CVE-2021-3501,2
overall,CVE-2015-8879,2
overall,CVE-2019-9371,2
overall,CVE-2016-1833,2
overall,CVE-2015-5522,2
overall,CVE-2020-25652,2
overall,CVE-2020-25643,2
overall,CVE-2013-6885,2
overall,CVE-2018-1129,2
overall,CVE-2015-7855,2
overall,CVE-2015-3144,2
overall,CVE-2018-9385,2
overall,CVE-2021-25218,2
overall,CVE-2019-1352,2
overall,CVE-2019-11036,2
overall,CVE-2018-5712,2
overall,CVE-2011-4120,2
overall,CVE-2019-16928,2
overall,CVE-2018-14437,2
overall,CVE-2011-3604,2
overall,CVE-2014-9273,2
overall,CVE-2020-36229,2
overall,CVE-2017-9847,2
overall,CVE-2021-20299,2
overall,CVE-2020-12655,2
overall,CVE-2018-19407,2
overall,CVE-2021-3930,2
overall,CVE-2018-19046,2
overall,CVE-2019-11597,2
overall,CVE-2020-16298,2
overall,CVE-2016-9629,2
overall,CVE-2019-19077,2
overall,CVE-2014-6054,2
overall,CVE-2018-6406,2
overall,CVE-2017-6420,2
overall,CVE-2016-10252,2
overall,CVE-2021-3892,2
overall,CVE-2014-6051,2
overall,CVE-2022-28796,2
overall,CVE-2020-25097,2
overall,CVE-2019-19527,2
overall,CVE-2012-3365,2
overall,CVE-2020-25709,2
overall,CVE-2019-1221,2
overall,CVE-2016-4797,2
overall,CVE-2019-19543,2
overall,CVE-2017-10928,2
overall,CVE-2016-0755,2
overall,CVE-2021-31916,2
overall,CVE-2019-15890,2
overall,CVE-2022-0358,2
overall,CVE-2022-2959,2
overall,CVE-2015-1420,2
overall,CVE-2019-17666,2
overall,CVE-2019-3836,2
overall,CVE-2021-34866,2
overall,CVE-2016-7418,2
overall,CVE-2019-11045,2
overall,CVE-2021-3560,2
overall,CVE-2019-19055,2
overall,CVE-2015-3214,2
overall,CVE-2021-3796,2
overall,CVE-2019-20394,2
overall,CVE-2022-31626,2
overall,CVE-2018-20544,2
overall,CVE-2020-27153,2
overall,CVE-2020-10756,2
overall,CVE-2018-10548,2
overall,CVE-2016-2119,2
overall,CVE-2019-17053,2
overall,CVE-2018-19060,2
overall,CVE-2020-12279,2
overall,CVE-2016-6129,2
overall,CVE-2019-15215,2
overall,CVE-2016-4483,2
overall,CVE-2014-9652,2
overall,CVE-2019-19847,2
overall,CVE-2020-16125,2
overall,CVE-2016-4343,2
overall,CVE-2017-5967,2
overall,CVE-2014-3215,2
overall,CVE-2015-8789,2
overall,CVE-2019-11683,2
overall,CVE-2018-15688,2
overall,CVE-2022-25235,2
overall,CVE-2020-11609,2
overall,CVE-2022-2380,2
overall,CVE-2015-2305,2
overall,CVE-2013-0339,2
overall,CVE-2017-5836,2
overall,CVE-2017-11188,2
overall,CVE-2018-20615,2
overall,CVE-2019-9928,2
overall,CVE-2019-18634,2
overall,CVE-2020-15863,2
overall,CVE-2014-8583,2
overall,CVE-2018-20803,2
overall,CVE-2020-10726,2
overall,CVE-2021-3200,2
overall,CVE-2019-3832,2
overall,CVE-2019-1354,2
overall,CVE-2014-5120,2
overall,CVE-2019-19244,2
overall,CVE-2020-14385,2
overall,CVE-2015-8710,2
overall,CVE-2020-27756,2
overall,CVE-2015-0856,2
overall,CVE-2019-17054,2
overall,CVE-2019-15214,2
overall,CVE-2016-4073,2
overall,CVE-2017-5835,2
overall,CVE-2019-19080,2
overall,CVE-2022-3234,2
overall,CVE-2017-14137,2
overall,CVE-2022-28388,2
overall,CVE-2020-35452,2
overall,CVE-2019-19604,2
overall,CVE-2019-20054,2
overall,CVE-2015-4022,2
overall,CVE-2011-2721,2
overall,CVE-2018-18661,2
overall,CVE-2021-39246,2
overall,CVE-2020-27771,2
overall,CVE-2017-18253,2
overall,CVE-2014-1949,2
overall,CVE-2020-27763,2
overall,CVE-2022-2153,2
overall,CVE-2022-26280,2
overall,CVE-2019-20372,2
overall,CVE-2016-1249,2
overall,CVE-2014-0244,2
overall,CVE-2016-9813,2
overall,CVE-2016-6318,2
overall,CVE-2020-19499,2
overall,CVE-2019-19081,2
overall,CVE-2021-41099,2
overall,CVE-2022-0711,2
overall,CVE-2018-10878,2
overall,CVE-2020-7071,2
overall,CVE-2012-1584,2
overall,CVE-2017-5837,2
overall,CVE-2011-1178,2
overall,CVE-2020-25663,2
overall,CVE-2020-27778,2
overall,CVE-2018-17019,2
overall,CVE-2019-19047,2
overall,CVE-2020-26419,2
overall,CVE-2019-12790,2
overall,CVE-2018-11212,2
overall,CVE-2019-20176,2
overall,CVE-2019-15118,2
overall,CVE-2019-19063,2
overall,CVE-2018-19985,2
overall,CVE-2018-19149,2
overall,CVE-2014-9050,2
overall,CVE-2019-6454,2
overall,CVE-2019-13118,2
overall,CVE-2017-1000257,2
overall,CVE-2020-25666,2
overall,CVE-2015-1572,2
overall,CVE-2015-3206,2
overall,CVE-2008-5081,2
overall,CVE-2014-3469,2
overall,CVE-2006-7239,2
overall,CVE-2010-0788,2
overall,CVE-2019-19528,2
overall,CVE-2020-11100,2
overall,CVE-2013-6401,2
overall,CVE-2017-18258,2
overall,CVE-2020-29443,2
overall,CVE-2018-10877,2
overall,CVE-2021-20297,2
overall,CVE-2018-1046,2
overall,CVE-2017-17053,2
overall,CVE-2020-14415,2
overall,CVE-2019-6133,2
overall,CVE-2014-1943,2
overall,CVE-2022-26354,2
overall,CVE-2015-2180,2
overall,CVE-2018-8822,2
overall,CVE-2017-14248,2
overall,CVE-2018-10883,2
overall,CVE-2020-8608,2
overall,CVE-2017-5834,2
overall,CVE-2020-0034,2
overall,CVE-2021-22929,2
overall,CVE-2019-12749,2
overall,CVE-2018-19607,2
overall,CVE-2018-16865,2
overall,CVE-2020-13974,2
overall,CVE-2020-36430,2
overall,CVE-2019-15222,2
overall,CVE-2019-15218,2
overall,CVE-2014-0155,2
overall,CVE-2018-18915,2
overall,CVE-2016-0787,2
overall,CVE-2018-6191,2
overall,CVE-2018-9135,2
overall,CVE-2018-6789,2
overall,CVE-2020-25704,2
overall,CVE-2016-4009,2
overall,CVE-2021-3611,2
overall,CVE-2018-11685,2
overall,CVE-2019-8457,2
overall,CVE-2017-16642,2
overall,CVE-2014-0102,2
overall,CVE-2021-29648,2
overall,CVE-2022-36041,2
overall,CVE-2019-9675,2
overall,CVE-2014-0240,2
overall,CVE-2019-19783,2
overall,CVE-2020-16304,2
overall,CVE-2022-34299,2
overall,CVE-2018-20449,2
overall,CVE-2020-35702,2
overall,CVE-2017-8817,2
overall,CVE-2019-12450,2
overall,CVE-2017-5838,2
overall,CVE-2019-18806,2
overall,CVE-2015-0294,2
overall,CVE-2018-16323,2
overall,CVE-2018-9568,2
overall,CVE-2020-16310,2
overall,CVE-2019-8912,2
overall,CVE-2020-12135,2
overall,CVE-2021-34813,2
overall,CVE-2018-9415,2
overall,CVE-2019-16167,2
overall,CVE-2018-9363,2
overall,CVE-2017-16816,2
overall,CVE-2021-1048,2
overall,CVE-2020-26571,2
overall,CVE-2020-16117,2
overall,CVE-2019-20391,2
overall,CVE-2019-19767,2
overall,CVE-2021-20244,2
overall,CVE-2019-11050,2
overall,CVE-2019-12802,2
overall,CVE-2012-5134,2
overall,CVE-2020-26243,2
overall,CVE-2009-3909,2
overall,CVE-2017-9228,2
overall,CVE-2020-11958,2
overall,CVE-2018-17966,2
overall,CVE-2019-13109,2
overall,CVE-2020-27750,2
overall,CVE-2018-10771,2
overall,CVE-2017-18027,2
overall,CVE-2018-12183,2
overall,CVE-2018-1000140,2
overall,CVE-2020-12653,2
overall,CVE-2015-5069,2
overall,CVE-2019-18224,2
overall,CVE-2014-8126,2
overall,CVE-2020-16296,2
overall,CVE-2022-2816,2
overall,CVE-2019-19533,2
overall,CVE-2019-19252,2
overall,CVE-2019-19952,2
overall,CVE-2021-4209,2
overall,CVE-2017-15400,2
overall,CVE-2019-19051,2
overall,CVE-2009-1570,2
overall,CVE-2020-19498,2
overall,CVE-2021-45480,2
overall,CVE-2019-19317,2
overall,CVE-2015-3145,2
overall,CVE-2014-2568,2
overall,CVE-2019-14584,2
overall,CVE-2018-14404,2
overall,CVE-2021-38166,2
overall,CVE-2019-9433,2
overall,CVE-2019-18810,2
overall,CVE-2015-7851,2
overall,CVE-2021-3974,2
overall,CVE-2019-11085,2
overall,CVE-2014-9028,2
overall,CVE-2017-7982,2
overall,CVE-2017-11446,2
overall,CVE-2017-12806,2
overall,CVE-2018-12085,2
overall,CVE-2015-4147,2
overall,CVE-2011-1588,2
overall,CVE-2017-15126,2
overall,CVE-2017-0750,2
overall,CVE-2019-8383,2
overall,CVE-2017-14152,2
overall,CVE-2019-11038,2
overall,CVE-2022-2964,2
overall,CVE-2014-8564,2
overall,CVE-2017-11103,2
overall,CVE-2020-29374,2
overall,CVE-2019-15211,2
overall,CVE-2021-20298,2
overall,CVE-2022-3061,2
overall,CVE-2013-7470,2
overall,CVE-2020-16301,2
overall,CVE-2018-11696,2
overall,CVE-2017-17722,2
overall,CVE-2021-22876,2
overall,CVE-2015-1862,2
overall,CVE-2021-3498,2
overall,CVE-2020-7925,2
overall,CVE-2019-19536,2
overall,CVE-2019-19079,2
overall,CVE-2021-28964,2
overall,CVE-2021-39191,2
overall,CVE-2018-10879,2
overall,CVE-2017-13133,2
overall,CVE-2019-19065,2
overall,CVE-2016-9189,2
overall,CVE-2015-8614,2
overall,CVE-2019-9025,2
overall,CVE-2017-18552,2
overall,CVE-2016-7128,2
overall,CVE-2006-7243,2
overall,CVE-2016-10729,2
overall,CVE-2021-3682,2
overall,CVE-2018-11683,2
overall,CVE-2020-21365,2
overall,CVE-2017-5334,2
overall,CVE-2020-9391,2
overall,CVE-2019-11502,2
overall,CVE-2017-9454,2
overall,CVE-2019-17055,2
overall,CVE-2020-16297,2
overall,CVE-2017-8818,2
overall,CVE-2021-21704,2
overall,CVE-2014-9620,2
overall,CVE-2020-14382,2
overall,CVE-2015-7973,2
overall,CVE-2019-5736,2
overall,CVE-2015-4604,2
overall,CVE-2010-2542,2
overall,CVE-2021-26675,2
overall,CVE-2020-12268,2
overall,CVE-2017-1000159,2
overall,CVE-2022-2581,2
overall,CVE-2022-1651,2
overall,CVE-2021-20277,2
overall,CVE-2020-27762,2
overall,CVE-2016-5421,2
overall,CVE-2017-2862,2
overall,CVE-2018-7051,2
overall,CVE-2017-5844,2
overall,CVE-2020-29260,2
overall,CVE-2019-20096,2
overall,CVE-2018-11251,2
overall,CVE-2016-10397,2
overall,CVE-2011-1924,2
overall,CVE-2019-20808,2
overall,CVE-2019-15292,2
overall,CVE-2019-20079,2
overall,CVE-2018-1000028,2
overall,CVE-2019-19534,2
overall,CVE-2016-5399,2
overall,CVE-2022-29869,2
overall,CVE-2021-29470,2
overall,CVE-2022-25375,2
overall,CVE-2021-28660,2
overall,CVE-2018-7726,2
overall,CVE-2018-20669,2
overall,CVE-2020-26421,2
overall,CVE-2016-6328,2
overall,CVE-2019-18809,2
overall,CVE-2019-10269,2
overall,CVE-2018-16789,2
overall,CVE-2018-11693,2
overall,CVE-2022-1733,2
overall,CVE-2019-19056,2
overall,CVE-2018-10114,2
overall,CVE-2020-36312,2
overall,CVE-2021-3527,2
overall,CVE-2018-14884,2
overall,CVE-2017-7401,2
overall,CVE-2018-1000200,2
overall,CVE-2018-1130,2
overall,CVE-2016-2339,2
overall,CVE-2018-10938,2
overall,CVE-2017-0861,2
overall,CVE-2022-0156,2
overall,CVE-2019-2201,2
overall,CVE-2021-37600,2
overall,CVE-2016-10907,2
overall,CVE-2021-4145,2
overall,CVE-2017-9434,2
overall,CVE-2016-9773,2
overall,CVE-2013-2124,2
overall,CVE-2015-3151,2
overall,CVE-2022-3153,2
overall,CVE-2015-8792,2
overall,CVE-2018-14618,2
overall,CVE-2020-27795,2
overall,CVE-2019-19334,2
overall,CVE-2020-29385,2
overall,CVE-2021-43389,2
overall,CVE-2019-15140,2
overall,CVE-2019-20386,2
overall,CVE-2017-13220,2
overall,CVE-2020-15888,2
overall,CVE-2019-12360,2
overall,CVE-2019-16708,2
overall,CVE-2019-19480,2
overall,CVE-2011-3354,2
overall,CVE-2012-3236,2
overall,CVE-2016-6289,2
overall,CVE-2011-4966,2
overall,CVE-2018-5745,2
overall,CVE-2017-14634,2
overall,CVE-2022-2301,2
overall,CVE-2020-20739,2
overall,CVE-2013-4151,2
overall,CVE-2016-3627,2
overall,CVE-2019-19526,2
overall,CVE-2021-36222,2
overall,CVE-2016-1837,2
overall,CVE-2016-7837,2
overall,CVE-2017-9831,2
overall,CVE-2010-0405,2
overall,CVE-2013-4758,2
overall,CVE-2012-6150,2
overall,CVE-2021-3505,2
overall,CVE-2018-1000222,2
overall,CVE-2022-20141,2
overall,CVE-2021-0561,2
overall,CVE-2019-19050,2
overall,CVE-2009-4031,2
overall,CVE-2020-7247,2
overall,CVE-2018-21009,2
overall,CVE-2020-27752,2
overall,CVE-2018-9918,2
overall,CVE-2021-3443,2
overall,CVE-2011-3200,2
overall,CVE-2020-26159,2
overall,CVE-2022-2476,2
overall,CVE-2019-9637,2
overall,CVE-2019-19076,2
overall,CVE-2018-11233,2
overall,CVE-2018-10549,2
overall,CVE-2017-14061,2
overall,CVE-2017-6362,2
overall,CVE-2018-14641,2
overall,CVE-2017-17681,2
overall,CVE-2018-19539,2
overall,CVE-2015-7511,2
overall,CVE-2009-5138,2
overall,CVE-2016-9400,2
overall,CVE-2017-17884,2
overall,CVE-2018-19935,2
overall,CVE-2020-12654,2
overall,CVE-2018-12910,2
overall,CVE-2016-2052,2
overall,CVE-2020-7053,2
overall,CVE-2020-11043,2
overall,CVE-2017-17788,2
overall,CVE-2019-19061,2
overall,CVE-2016-10142,2
overall,CVE-2018-16336,2
overall,CVE-2014-3668,2
overall,CVE-2014-0100,2
overall,CVE-2019-19049,2
overall,CVE-2011-4971,2
overall,CVE-2020-7062,2
overall,CVE-2022-1238,2
overall,CVE-2015-7497,2
overall,CVE-2014-9130,2
overall,CVE-2018-17097,2
overall,CVE-2018-11698,2
overall,CVE-2022-2124,2
overall,CVE-2020-12049,2
overall,CVE-2011-1003,2
overall,CVE-2011-1758,2
overall,CVE-2020-14363,2
overall,CVE-2016-9063,2
overall,CVE-2018-14435,2
overall,CVE-2017-6504,2
overall,CVE-2016-1251,2
overall,CVE-2017-18254,2
overall,CVE-2016-1246,2
overall,CVE-2020-27754,2
overall,CVE-2019-12615,2
overall,CVE-2022-1851,2
overall,CVE-2019-15807,2
overall,CVE-2022-24959,2
overall,CVE-2017-14505,2
overall,CVE-2021-20232,2
overall,CVE-2019-19070,2
overall,CVE-2019-18813,2
overall,CVE-2019-10142,2
overall,CVE-2021-3622,2
overall,CVE-2015-8790,2
overall,CVE-2022-37451,2
overall,CVE-2018-11624,2
overall,CVE-2014-4721,2
overall,CVE-2018-16428,2
overall,CVE-2021-38207,2
overall,CVE-2019-1010238,2
overall,CVE-2022-38784,2
overall,CVE-2019-19043,2
overall,CVE-2019-25033,2
overall,CVE-2013-2221,2
overall,CVE-2019-19807,2
overall,CVE-2020-1763,2
overall,CVE-2017-12431,2
overall,CVE-2020-8624,2
overall,CVE-2018-9055,2
overall,CVE-2019-9210,2
overall,CVE-2022-0264,2
overall,CVE-2019-3890,2
overall,CVE-2020-7065,2
overall,CVE-2020-36227,2
overall,CVE-2021-20296,2
overall,CVE-2018-5848,2
overall,CVE-2013-5705,2
overall,CVE-2013-2116,2
overall,CVE-2022-1789,2
overall,CVE-2014-9351,2
overall,CVE-2021-34798,2
overall,CVE-2018-19837,2
overall,CVE-2014-2678,2
overall,CVE-2018-10546,2
overall,CVE-2015-3254,2
overall,CVE-2019-19815,2
overall,CVE-2019-12817,2
overall,CVE-2018-6307,2
overall,CVE-2021-3933,2
overall,CVE-2016-10198,2
overall,CVE-2019-15693,2
overall,CVE-2016-9190,2
overall,CVE-2013-7299,2
overall,CVE-2016-9433,2
overall,CVE-2018-19107,2
overall,CVE-2021-4136,2
overall,CVE-2011-3149,2
overall,CVE-2018-8050,2
overall,CVE-2017-2634,2
overall,CVE-2020-36310,2
overall,CVE-2017-14684,2
overall,CVE-2016-3709,2
overall,CVE-2016-10199,2
overall,CVE-2019-13301,2
overall,CVE-2014-2653,2
overall,CVE-2021-20311,2
overall,CVE-2017-12424,2
overall,CVE-2020-10730,2
overall,CVE-2019-11478,2
overall,CVE-2018-16548,2
overall,CVE-2022-37452,2
overall,CVE-2016-9625,2
overall,CVE-2015-0241,2
overall,CVE-2019-19068,2
overall,CVE-2020-24241,2
overall,CVE-2017-11360,2
overall,CVE-2020-10663,2
overall,CVE-2019-19064,2
overall,CVE-2019-20840,2
overall,CVE-2018-7443,2
overall,CVE-2018-18313,2
overall,CVE-2019-15925,2
overall,CVE-2016-10087,2
overall,CVE-2021-4069,2
overall,CVE-2017-14039,2
overall,CVE-2017-13132,2
overall,CVE-2019-20839,2
overall,CVE-2021-20304,2
overall,CVE-2012-0390,2
overall,CVE-2017-2885,2
overall,CVE-2019-10649,2
overall,CVE-2019-19062,2
overall,CVE-2021-4019,2
overall,CVE-2021-33033,2
overall,CVE-2014-2309,2
overall,CVE-2019-19479,2
overall,CVE-2020-16294,2
overall,CVE-2017-1000458,2
overall,CVE-2019-11479,2
overall,CVE-2021-3565,2
overall,CVE-2019-17133,2
overall,CVE-2019-25044,2
overall,CVE-2020-4032,2
overall,CVE-2016-9600,2
overall,CVE-2019-19966,2
overall,CVE-2018-6003,2
overall,CVE-2017-18028,2
overall,CVE-2011-4623,2
overall,CVE-2016-4610,2
overall,CVE-2019-19602,2
overall,CVE-2011-3605,2
overall,CVE-2018-16328,2
overall,CVE-2017-15928,2
overall,CVE-2021-25287,2
overall,CVE-2019-12155,2
overall,CVE-2017-18252,2
overall,CVE-2017-16943,2
overall,CVE-2021-37746,2
overall,CVE-2011-1782,2
overall,CVE-2012-5534,2
overall,CVE-2019-9022,2
overall,CVE-2020-26570,2
overall,CVE-2017-11141,2
overall,CVE-2021-3962,2
overall,CVE-2018-19058,2
overall,CVE-2021-3518,2
overall,CVE-2021-28971,2
overall,CVE-2019-20052,2
overall,CVE-2020-27774,2
overall,CVE-2018-14656,2
overall,CVE-2020-12652,2
overall,CVE-2020-11521,2
overall,CVE-2013-1978,2
overall,CVE-2019-15212,2
overall,CVE-2017-9405,2
overall,CVE-2018-18928,2
overall,CVE-2022-0897,2
overall,CVE-2020-11736,2
overall,CVE-2015-3148,2
overall,CVE-2017-17887,2
overall,CVE-2019-19053,2
overall,CVE-2013-7298,2
overall,CVE-2019-13112,2
overall,CVE-2018-12615,2
overall,CVE-2015-3142,2
overall,CVE-2019-19057,2
overall,CVE-2016-9812,2
overall,CVE-2018-20976,2
overall,CVE-2018-17965,2
overall,CVE-2022-0158,2
overall,CVE-2012-2385,2
overall,CVE-2019-19044,2
overall,CVE-2021-3516,2
overall,CVE-2022-28390,2
overall,CVE-2019-2126,2
overall,CVE-2018-20021,2
overall,CVE-2022-0286,2
overall,CVE-2012-6075,2
overall,CVE-2020-4031,2
overall,CVE-2018-10880,2
overall,CVE-2019-7308,2
overall,CVE-2017-18551,2
overall,CVE-2014-9653,2
overall,CVE-2017-14741,2
overall,CVE-2021-20221,2
overall,CVE-2019-19535,2
overall,CVE-2019-3701,2
overall,CVE-2019-15927,2
overall,CVE-2015-1609,2
overall,CVE-2021-4216,2
overall,CVE-2016-7162,2
overall,CVE-2019-20810,2
overall,CVE-2016-1840,2
overall,CVE-2019-12455,2
overall,CVE-2018-20650,2
overall,CVE-2020-19497,2
overall,CVE-2022-1328,2
overall,CVE-2019-15892,2
overall,CVE-2021-4187,2
overall,CVE-2019-20806,2
overall,CVE-2020-13143,2
overall,CVE-2021-3181,2
overall,CVE-2019-9857,2
overall,CVE-2019-9959,2
overall,CVE-2016-9632,2
overall,CVE-2019-19072,2
overall,CVE-2020-14344,2
overall,CVE-2019-19530,2
overall,CVE-2018-17336,2
overall,CVE-2020-16289,2
overall,CVE-2012-0033,2
overall,CVE-2020-27347,2
overall,CVE-2007-4573,2
overall,CVE-2007-4997,2
overall,CVE-2007-6151,2
overall,CVE-2007-6417,2
overall,CVE-2008-0600,2
overall,CVE-2008-1375,2
overall,CVE-2007-6712,2
overall,CVE-2008-2136,2
overall,CVE-2008-2372,2
overall,CVE-2008-2931,2
overall,CVE-2008-3247,2
overall,CVE-2008-3535,2
overall,CVE-2008-3272,2
overall,CVE-2008-4302,2
overall,CVE-2008-4445,2
overall,CVE-2008-4210,2
overall,CVE-2008-3833,2
overall,CVE-2008-4554,2
overall,CVE-2008-3496,2
overall,CVE-2008-5134,2
overall,CVE-2008-5033,2
overall,CVE-2009-0028,2
overall,CVE-2009-0031,2
overall,CVE-2009-0676,2
overall,CVE-2009-0675,2
overall,CVE-2009-0746,2
overall,CVE-2009-0747,2
overall,CVE-2009-0748,2
overall,CVE-2009-0935,2
overall,CVE-2009-1046,2
overall,CVE-2009-1242,2
overall,CVE-2009-1897,2
overall,CVE-2009-2287,2
overall,CVE-2009-2406,2
overall,CVE-2009-2407,2
overall,CVE-2009-2624,2
overall,CVE-2009-2698,2
overall,CVE-2009-3228,2
overall,CVE-2009-3612,2
overall,CVE-2010-1437,2
overall,CVE-2010-2478,2
overall,CVE-2010-3067,2
overall,CVE-2010-3080,2
overall,CVE-2010-4651,2
overall,CVE-2011-0711,2
overall,CVE-2011-1093,2
overall,CVE-2011-2534,2
overall,CVE-2011-1745,2
overall,CVE-2011-4170,2
overall,CVE-2011-4110,2
overall,CVE-2012-4429,2
overall,CVE-2013-5745,2
overall,CVE-2013-2852,2
overall,CVE-2015-6806,2
overall,CVE-2015-7833,2
overall,CVE-2016-6261,2
overall,CVE-2017-5208,2
overall,CVE-2017-5333,2
overall,CVE-2017-6508,2
overall,CVE-2017-7960,2
overall,CVE-2017-7961,2
overall,CVE-2017-13089,2
overall,CVE-2018-5345,2
overall,CVE-2017-17785,2
overall,CVE-2018-0494,2
overall,CVE-2018-1000500,2
overall,CVE-2018-20483,2
overall,CVE-2018-17937,2
overall,CVE-2019-5953,2
overall,CVE-2019-15505,2
overall,CVE-2019-15531,2
overall,CVE-2020-1730,2
overall,CVE-2011-0463,2
overall,CVE-2021-20193,2
overall,CVE-2021-3466,2
overall,CVE-2006-6058,2
overall,CVE-2013-3722,2
overall,CVE-2014-0076,2
overall,CVE-2015-1789,2
overall,CVE-2016-2047,2
overall,CVE-2016-0800,2
overall,CVE-2016-0799,2
overall,CVE-2016-2107,2
overall,CVE-2016-1669,2
overall,CVE-2016-2179,2
overall,CVE-2016-5652,2
overall,CVE-2017-3731,2
overall,CVE-2017-3302,2
overall,CVE-2017-2669,2
overall,CVE-2017-7592,2
overall,CVE-2017-7601,2
overall,CVE-2017-11335,2
overall,CVE-2017-11464,2
overall,CVE-2017-15365,2
overall,CVE-2018-17095,2
overall,CVE-2020-7957,2
overall,CVE-2020-1967,2
overall,CVE-2020-25275,2
overall,CVE-2020-8287,2
overall,CVE-2021-23839,2
overall,CVE-2021-23840,2
overall,CVE-2021-3449,2
overall,CVE-2020-18032,2
overall,CVE-2021-22940,2
overall,CVE-2022-0778,2
overall,CVE-2022-27380,2
overall,CVE-2022-27457,2
overall,CVE-2022-1343,2
overall,CVE-2022-31621,2
overall,CVE-2022-31623,2
overall,CVE-2022-2274,2
overall,CVE-2009-3627,2
overall,CVE-2012-2675,2
overall,CVE-2012-3501,2
overall,CVE-2020-27678,2
overall,CVE-2014-9765,2
overall,CVE-2015-9542,2
overall,CVE-2019-11455,2
overall,CVE-2017-0028,2
overall,CVE-2017-1000414,2
overall,CVE-2017-2920,2
overall,CVE-2018-1281,2
overall,CVE-2018-17292,2
overall,CVE-2018-17293,2
overall,CVE-2019-12875,2
overall,CVE-2019-20376,2
overall,CVE-2020-13111,2
overall,CVE-2020-15908,2
overall,CVE-2020-18750,2
overall,CVE-2020-19858,2
overall,CVE-2020-22873,2
overall,CVE-2020-23907,2
overall,CVE-2020-24753,2
overall,CVE-2021-3119,2
overall,CVE-2022-24732,2
overall,CVE-2021-42917,2
overall,CVE-2022-23561,2
overall,CVE-2021-31616,2
overall,CVE-2021-32272,2
overall,CVE-2022-0080,2
overall,CVE-2022-23582,2
overall,CVE-2022-21741,2
overall,CVE-2021-45095,2
overall,CVE-2020-25427,2
overall,CVE-2020-12141,2
overall,CVE-2020-1888,2
overall,CVE-2019-17498,2
overall,CVE-2021-29532,2
overall,CVE-2021-29582,2
overall,CVE-2020-1911,2
overall,CVE-2021-32132,2
overall,CVE-2021-20223,2
overall,CVE-2020-8937,2
overall,CVE-2020-13775,2
overall,CVE-2021-32137,2
overall,CVE-2020-27794,2
overall,CVE-2021-29529,2
overall,CVE-2021-29612,2
overall,CVE-2021-29513,2
overall,CVE-2021-36143,2
overall,CVE-2021-41222,2
overall,CVE-2021-36082,2
overall,CVE-2021-29563,2
overall,CVE-2021-37636,2
overall,CVE-2021-30015,2
overall,CVE-2021-21413,2
overall,CVE-2022-0632,2
overall,CVE-2020-14163,2
overall,CVE-2021-37667,2
overall,CVE-2020-15266,2
overall,CVE-2021-36088,2
overall,CVE-2019-25016,2
overall,CVE-2020-15261,2
overall,CVE-2020-15473,2
overall,CVE-2021-29525,2
overall,CVE-2021-27815,2
overall,CVE-2021-29537,2
overall,CVE-2021-32138,2
overall,CVE-2021-29614,2
overall,CVE-2021-37668,2
overall,CVE-2020-23930,2
overall,CVE-2020-35964,2
overall,CVE-2020-9308,2
overall,CVE-2021-29559,2
overall,CVE-2020-15265,2
overall,CVE-2021-29570,2
overall,CVE-2021-37649,2
overall,CVE-2020-8936,2
overall,CVE-2021-31572,2
overall,CVE-2021-37637,2
overall,CVE-2021-29607,2
overall,CVE-2021-43824,2
overall,CVE-2020-15007,2
overall,CVE-2021-29550,2
overall,CVE-2021-29579,2
overall,CVE-2021-22552,2
overall,CVE-2022-21159,2
overall,CVE-2020-23932,2
overall,CVE-2021-29568,2
overall,CVE-2021-29578,2
overall,CVE-2021-21401,2
overall,CVE-2020-15472,2
overall,CVE-2021-29524,2
overall,CVE-2021-29279,2
overall,CVE-2021-21381,2
overall,CVE-2021-29545,2
overall,CVE-2021-29596,2
overall,CVE-2021-29575,2
overall,CVE-2020-7043,2
overall,CVE-2020-35980,2
overall,CVE-2021-31256,2
overall,CVE-2021-30145,2
overall,CVE-2020-1915,2
overall,CVE-2021-29561,2
overall,CVE-2021-29569,2
overall,CVE-2020-15202,2
overall,CVE-2021-33815,2
overall,CVE-2021-29581,2
overall,CVE-2021-29530,2
overall,CVE-2021-36148,2
overall,CVE-2020-15475,2
overall,CVE-2020-8938,2
overall,CVE-2021-29547,2
overall,CVE-2021-29539,2
overall,CVE-2021-22550,2
overall,CVE-2020-10378,2
overall,CVE-2021-32440,2
overall,CVE-2021-29588,2
overall,CVE-2020-8944,2
overall,CVE-2018-14056,2
overall,CVE-2021-31258,2
overall,CVE-2020-23915,2
overall,CVE-2020-15194,2
overall,CVE-2021-32439,2
overall,CVE-2021-29549,2
overall,CVE-2021-29600,2
overall,CVE-2021-29584,2
overall,CVE-2021-32437,2
overall,CVE-2020-26271,2
overall,CVE-2020-15121,2
overall,CVE-2021-29535,2
overall,CVE-2020-15208,2
overall,CVE-2021-29536,2
overall,CVE-2020-15174,2
overall,CVE-2019-20791,2
overall,CVE-2020-15190,2
overall,CVE-2021-29512,2
overall,CVE-2021-29523,2
overall,CVE-2020-13904,2
overall,CVE-2021-30199,2
overall,CVE-2021-33364,2
overall,CVE-2020-11810,2
overall,CVE-2021-31260,2
overall,CVE-2021-29601,2
overall,CVE-2021-33586,2
overall,CVE-2021-29603,2
overall,CVE-2020-36401,2
overall,CVE-2021-37638,2
overall,CVE-2021-29609,2
overall,CVE-2021-29531,2
overall,CVE-2020-13649,2
overall,CVE-2021-29587,2
overall,CVE-2021-31259,2
overall,CVE-2021-29558,2
overall,CVE-2013-5653,2
overall,CVE-2021-3475,2
overall,CVE-2022-2571,2
overall,CVE-2021-3483,2
overall,CVE-2022-24300,2
overall,CVE-2020-18442,2
overall,CVE-2021-31618,2
overall,CVE-2009-5155,2
overall,CVE-2021-29478,2
overall,CVE-2020-7069,2
overall,CVE-2020-35508,2
overall,CVE-2020-15103,2
overall,CVE-2020-11019,2
overall,CVE-2020-8428,2
overall,CVE-2020-1914,2
overall,CVE-2020-25708,2
overall,CVE-2020-36281,2
overall,CVE-2020-14401,2
overall,CVE-2020-10232,2
overall,CVE-2019-19956,2
overall,CVE-2015-1351,2
overall,CVE-2021-3517,2
overall,CVE-2021-3514,2
overall,CVE-2020-29367,2
overall,CVE-2014-2497,2
overall,CVE-2021-28651,2
overall,CVE-2017-9233,2
overall,CVE-2021-39242,2
overall,CVE-2017-6350,2
overall,CVE-2017-1000381,2
overall,CVE-2021-20266,2
overall,CVE-2020-35530,2
overall,CVE-2020-26088,2
overall,CVE-2020-35533,2
overall,CVE-2020-10757,2
overall,CVE-2019-14868,2
overall,CVE-2020-27746,2
overall,CVE-2020-21674,2
overall,CVE-2020-29660,2
overall,CVE-2021-22918,2
overall,CVE-2021-46283,2
overall,CVE-2020-27194,2
overall,CVE-2020-14386,2
overall,CVE-2019-20387,2
overall,CVE-2021-25289,2
overall,CVE-2021-20317,2
overall,CVE-2021-22235,2
overall,CVE-2020-0466,2
overall,CVE-2009-4124,2
overall,CVE-2018-14349,2
overall,CVE-2020-27560,2
overall,CVE-2021-3491,2
overall,CVE-2020-36322,2
overall,CVE-2021-30178,2
overall,CVE-2010-0297,2
overall,CVE-2020-29362,2
overall,CVE-2020-36280,2
overall,CVE-2019-20636,2
overall,CVE-2018-10906,2
overall,CVE-2015-8035,2
overall,CVE-2019-20218,2
overall,CVE-2020-27844,2
overall,CVE-2020-29363,2
overall,CVE-2020-27814,2
overall,CVE-2020-29074,2
overall,CVE-2021-3605,2
overall,CVE-2020-12659,2
overall,CVE-2020-29368,2
overall,CVE-2020-11565,2
overall,CVE-2020-12829,2
overall,CVE-2019-13504,2
overall,CVE-2018-17096,2
overall,CVE-2021-3504,2
overall,CVE-2020-11039,2
overall,CVE-2021-20245,2
overall,CVE-2021-20176,2
overall,CVE-2020-35573,2
overall,CVE-2016-9427,2
overall,CVE-2021-28543,2
overall,CVE-2021-38200,2
overall,CVE-2020-7070,2
overall,CVE-2020-12826,2
overall,CVE-2019-14378,2
overall,CVE-2019-1351,2
overall,CVE-2021-29657,2
overall,CVE-2020-36407,2
overall,CVE-2012-6711,2
overall,CVE-2021-46822,2
overall,CVE-2021-27364,2
overall,CVE-2019-12614,2
overall,CVE-2021-30002,2
overall,CVE-2020-12066,2
overall,CVE-2020-12658,2
overall,CVE-2021-38208,2
overall,CVE-2021-20205,2
overall,CVE-2020-0452,2
overall,CVE-2019-19058,2
overall,CVE-2020-1700,2
overall,CVE-2020-25862,2
overall,CVE-2021-29649,2
overall,CVE-2017-15412,2
overall,CVE-2015-5380,2
overall,CVE-2021-3715,2
overall,CVE-2022-0487,2
overall,CVE-2020-15780,2
overall,CVE-2022-1341,2
overall,CVE-2020-11085,2
overall,CVE-2021-26691,2
overall,CVE-2017-11644,2
overall,CVE-2020-27784,2
overall,CVE-2020-16300,2
overall,CVE-2018-1000085,2
overall,CVE-2017-14348,2
overall,CVE-2020-6405,2
overall,CVE-2020-14352,2
overall,CVE-2017-13746,2
overall,CVE-2020-35535,2
overall,CVE-2020-25211,2
overall,CVE-2020-24372,2
overall,CVE-2020-15365,2
overall,CVE-2021-23133,2
overall,CVE-2019-19529,2
overall,CVE-2020-11099,2
overall,CVE-2020-10725,2
overall,CVE-2021-28041,2
overall,CVE-2018-19477,2
overall,CVE-2020-14398,2
overall,CVE-2020-4033,2
overall,CVE-2020-36403,2
overall,CVE-2021-32399,2
overall,CVE-2020-0181,2
overall,CVE-2021-22543,2
overall,CVE-2021-23191,2
overall,CVE-2021-3596,2
overall,CVE-2021-34552,2
overall,CVE-2021-20246,2
overall,CVE-2019-19075,2
overall,CVE-2021-29464,2
overall,CVE-2020-13114,2
overall,CVE-2019-12900,2
overall,CVE-2020-0404,2
overall,CVE-2020-11058,2
overall,CVE-2022-0393,2
overall,CVE-2021-3995,2
overall,CVE-2016-6828,2
overall,CVE-2020-11524,2
overall,CVE-2021-30219,2
overall,CVE-2020-35605,2
overall,CVE-2021-28994,2
overall,CVE-2021-25291,2
overall,CVE-2020-12465,2
overall,CVE-2021-28904,2
overall,CVE-2021-3474,2
overall,CVE-2015-2301,2
overall,CVE-2020-26298,2
overall,CVE-2012-4433,2
overall,CVE-2021-36086,2
overall,CVE-2021-37232,2
overall,CVE-2020-5395,2
overall,CVE-2020-35963,2
overall,CVE-2020-35680,2
overall,CVE-2008-1693,2
overall,CVE-2020-1720,2
overall,CVE-2020-19667,2
overall,CVE-2020-11086,2
overall,CVE-2020-24369,2
overall,CVE-2020-9274,2
overall,CVE-2014-9705,2
overall,CVE-2020-13249,2
overall,CVE-2020-10531,2
overall,CVE-2020-25212,2
overall,CVE-2020-36386,2
overall,CVE-2020-12768,2
overall,CVE-2020-11098,2
overall,CVE-2020-11047,2
overall,CVE-2019-20454,2
overall,CVE-2018-15607,2
overall,CVE-2019-19066,2
overall,CVE-2020-19860,2
overall,CVE-2019-19926,2
overall,CVE-2021-29265,2
overall,CVE-2020-10942,2
overall,CVE-2020-36158,2
overall,CVE-2021-3497,2
overall,CVE-2017-18595,2
overall,CVE-2021-3478,2
overall,CVE-2020-0305,2
overall,CVE-2020-27829,2
overall,CVE-2019-14857,2
overall,CVE-2018-20570,2
overall,CVE-2020-11040,2
overall,CVE-2020-5313,2
overall,CVE-2021-3531,2
overall,CVE-2021-21375,2
overall,CVE-2017-1000363,2
overall,CVE-2020-14314,2
overall,CVE-2020-12657,2
overall,CVE-2021-3652,2
overall,CVE-2020-26572,2
overall,CVE-2020-24342,2
overall,CVE-2016-9398,2
overall,CVE-2020-0499,2
overall,CVE-2020-35523,2
overall,CVE-2020-36387,2
overall,CVE-2013-4636,2
overall,CVE-2021-28676,2
overall,CVE-2020-36558,2
overall,CVE-2020-0465,2
overall,CVE-2020-13902,2
overall,CVE-2017-17087,2
overall,CVE-2021-29154,2
overall,CVE-2018-21008,2
overall,CVE-2017-11362,2
overall,CVE-2020-28935,2
overall,CVE-2020-12769,2
overall,CVE-2020-11523,2
overall,CVE-2016-9624,2
overall,CVE-2019-19927,2
overall,CVE-2020-35679,2
overall,CVE-2017-1000112,2
overall,CVE-2020-13398,2
overall,CVE-2020-14396,2
overall,CVE-2021-20310,2
overall,CVE-2021-36979,2
overall,CVE-2019-9506,2
overall,CVE-2017-5953,2
overall,CVE-2020-14354,2
overall,CVE-2020-27823,2
overall,CVE-2020-11494,2
overall,CVE-2021-38201,2
overall,CVE-2021-22898,2
overall,CVE-2020-24870,2
overall,CVE-2021-32436,2
overall,CVE-2018-14851,2
overall,CVE-2007-6063,2
overall,CVE-2008-3276,2
overall,CVE-2008-3525,2
overall,CVE-2008-5079,2
overall,CVE-2009-0745,2
overall,CVE-2009-0787,2
overall,CVE-2009-1186,2
overall,CVE-2010-2960,2
overall,CVE-2013-2190,2
overall,CVE-2013-6836,2
overall,CVE-2014-0017,2
overall,CVE-2021-38185,2
overall,CVE-2009-3238,2
overall,CVE-2014-3470,2
overall,CVE-2016-6305,2
overall,CVE-2017-15132,2
overall,CVE-2019-11023,2
overall,CVE-2020-12673,2
overall,CVE-2020-25559,2
overall,CVE-2020-25412,2
overall,CVE-2021-46666,2
overall,CVE-2022-27455,2
overall,CVE-2015-5685,2
overall,CVE-2014-9709,2
overall,CVE-2018-20742,2
overall,CVE-2019-1010283,2
overall,CVE-2021-27343,2
overall,CVE-2021-28874,2
overall,CVE-2020-12887,2
overall,CVE-2020-14156,2
overall,CVE-2020-15904,2
overall,CVE-2020-21572,2
overall,CVE-2020-22617,2
overall,CVE-2020-22874,2
overall,CVE-2021-21335,2
overall,CVE-2021-36357,2
overall,CVE-2022-23578,2
overall,CVE-2022-23577,2
overall,CVE-2022-23581,2
overall,CVE-2021-40576,2
overall,CVE-2022-23588,2
overall,CVE-2021-45379,2
overall,CVE-2022-23568,2
overall,CVE-2022-23585,2
overall,CVE-2022-23592,2
overall,CVE-2021-4188,2
overall,CVE-2022-23595,2
overall,CVE-2022-21740,2
overall,CVE-2022-23557,2
overall,CVE-2022-23579,2
overall,CVE-2021-40575,2
overall,CVE-2021-40568,2
overall,CVE-2022-23584,2
overall,CVE-2021-40571,2
overall,CVE-2021-3656,2
overall,CVE-2022-23571,2
overall,CVE-2022-23593,2
overall,CVE-2021-24045,2
overall,CVE-2021-44273,2
overall,CVE-2021-44512,2
overall,CVE-2021-43845,2
overall,CVE-2021-40565,2
overall,CVE-2022-23566,2
overall,CVE-2022-23586,2
overall,CVE-2022-1586,2
overall,CVE-2022-23573,2
overall,CVE-2022-0481,2
overall,CVE-2022-21734,2
overall,CVE-2022-1276,2
overall,CVE-2020-36406,2
overall,CVE-2021-41133,2
overall,CVE-2021-40574,2
overall,CVE-2022-21731,2
overall,CVE-2021-40573,2
overall,CVE-2022-23567,2
overall,CVE-2022-21730,2
overall,CVE-2021-43860,2
overall,CVE-2021-23222,2
overall,CVE-2022-23565,2
overall,CVE-2022-21733,2
overall,CVE-2022-2652,2
overall,CVE-2022-21735,2
overall,CVE-2021-4043,2
overall,CVE-2022-21736,2
overall,CVE-2020-9759,2
overall,CVE-2019-11929,2
overall,CVE-2015-5745,2
overall,CVE-2022-29207,2
overall,CVE-2022-29779,2
overall,CVE-2022-24763,2
overall,CVE-2022-1427,2
overall,CVE-2021-31571,2
overall,CVE-2021-24029,2
overall,CVE-2022-29340,2
overall,CVE-2021-37647,2
overall,CVE-2021-37661,2
overall,CVE-2021-28856,2
overall,CVE-2016-7132,2
overall,CVE-2021-3739,2
overall,CVE-2022-24793,2
overall,CVE-2022-29208,2
overall,CVE-2022-1441,2
overall,CVE-2022-30592,2
overall,CVE-2021-37847,2
overall,CVE-2022-1968,2
overall,CVE-2022-0407,2
overall,CVE-2021-37642,2
overall,CVE-2022-2553,2
overall,CVE-2022-1286,2
overall,CVE-2022-29195,2
overall,CVE-2021-40592,2
overall,CVE-2021-41224,2
overall,CVE-2022-29206,2
overall,CVE-2021-37672,2
overall,CVE-2021-40567,2
overall,CVE-2020-15204,2
overall,CVE-2021-41210,2
overall,CVE-2022-1289,2
overall,CVE-2021-37683,2
overall,CVE-2021-33361,2
overall,CVE-2021-3521,2
overall,CVE-2022-21654,2
overall,CVE-2015-2141,2
overall,CVE-2021-36692,2
overall,CVE-2020-35981,2
overall,CVE-2022-25297,2
overall,CVE-2021-37688,2
overall,CVE-2020-19490,2
overall,CVE-2022-0717,2
overall,CVE-2021-3744,2
overall,CVE-2021-37663,2
overall,CVE-2021-38171,2
overall,CVE-2022-29379,2
overall,CVE-2021-37682,2
overall,CVE-2021-37690,2
overall,CVE-2021-41219,2
overall,CVE-2022-24786,2
overall,CVE-2022-29194,2
overall,CVE-2021-41201,2
overall,CVE-2021-41225,2
overall,CVE-2021-29556,2
overall,CVE-2021-37639,2
overall,CVE-2022-2453,2
overall,CVE-2022-31796,2
overall,CVE-2022-29192,2
overall,CVE-2021-45936,2
overall,CVE-2022-27007,2
overall,CVE-2022-31307,2
overall,CVE-2021-37666,2
overall,CVE-2021-41216,2
overall,CVE-2022-1795,2
overall,CVE-2021-41204,2
overall,CVE-2022-27650,2
overall,CVE-2021-29552,2
overall,CVE-2022-1899,2
overall,CVE-2022-29199,2
overall,CVE-2021-37635,2
overall,CVE-2021-37651,2
overall,CVE-2021-37681,2
overall,CVE-2021-37848,2
overall,CVE-2021-37641,2
overall,CVE-2021-37640,2
overall,CVE-2021-38383,2
overall,CVE-2022-29200,2
overall,CVE-2020-20276,2
overall,CVE-2022-1212,2
overall,CVE-2022-31031,2
overall,CVE-2022-29212,2
overall,CVE-2022-25139,2
overall,CVE-2020-27209,2
overall,CVE-2021-37652,2
overall,CVE-2022-34835,2
overall,CVE-2022-0890,2
overall,CVE-2022-1533,2
overall,CVE-2022-0361,2
overall,CVE-2017-11600,2
overall,CVE-2019-14464,2
overall,CVE-2019-19071,2
overall,CVE-2020-15890,2
overall,CVE-2022-1297,2
overall,CVE-2022-23645,2
overall,CVE-2022-3303,2
overall,CVE-2022-29156,2
overall,CVE-2021-41136,2
overall,CVE-2022-1507,2
overall,CVE-2022-21723,2
overall,CVE-2022-0419,2
overall,CVE-2022-0572,2
overall,CVE-2022-34927,2
overall,CVE-2022-0413,2
overall,CVE-2010-4345,2
overall,CVE-2022-27950,2
overall,CVE-2022-0382,2
overall,CVE-2020-16305,2
overall,CVE-2014-0178,2
overall,CVE-2022-2126,2
overall,CVE-2022-1382,2
overall,CVE-2019-19069,2
overall,CVE-2021-39537,2
overall,CVE-2022-2982,2
overall,CVE-2020-14301,2
overall,CVE-2022-1720,2
overall,CVE-2022-24764,2
overall,CVE-2021-43057,2
overall,CVE-2019-15504,2
overall,CVE-2021-40391,2
overall,CVE-2022-0629,2
overall,CVE-2022-1154,2
overall,CVE-2021-31566,2
overall,CVE-2022-3078,2
overall,CVE-2022-2264,2
overall,CVE-2022-1452,2
overall,CVE-2020-35492,2
overall,CVE-2021-38593,2
overall,CVE-2022-0318,2
overall,CVE-2021-3778,2
overall,CVE-2016-6207,2
overall,CVE-2017-5897,2
overall,CVE-2020-16287,2
overall,CVE-2022-1620,2
overall,CVE-2022-0322,2
overall,CVE-2017-11170,2
overall,CVE-2009-0689,2
overall,CVE-2020-15900,2
overall,CVE-2021-40524,2
overall,CVE-2022-33099,2
overall,CVE-2022-39842,2
overall,CVE-2022-1769,2
overall,CVE-2022-26878,2
overall,CVE-2021-43975,2
overall,CVE-2022-0699,2
overall,CVE-2019-14494,2
overall,CVE-2021-43804,2
overall,CVE-2022-0351,2
overall,CVE-2022-31214,2
overall,CVE-2021-41556,2
overall,CVE-2021-3489,2
overall,CVE-2022-2719,2
overall,CVE-2022-3103,2
overall,CVE-2022-3239,2
overall,CVE-2022-1198,2
overall,CVE-2021-3732,2
overall,CVE-2022-29968,2
overall,CVE-2022-36040,2
overall,CVE-2021-28950,2
overall,CVE-2022-40299,2
overall,CVE-2021-3905,2
overall,CVE-2013-4166,2
overall,CVE-2019-15691,2
overall,CVE-2022-2288,2
overall,CVE-2022-1031,2
overall,CVE-2022-2207,2
overall,CVE-2016-8670,2
overall,CVE-2015-8874,2
overall,CVE-2017-18926,2
overall,CVE-2022-39190,2
overall,CVE-2021-3716,2
overall,CVE-2021-3903,2
overall,CVE-2022-0685,2
overall,CVE-2021-21897,2
overall,CVE-2022-0617,2
overall,CVE-2022-3170,2
overall,CVE-2022-2580,2
overall,CVE-2022-2963,2
overall,CVE-2022-30292,2
overall,CVE-2022-32323,2
overall,CVE-2021-43814,2
overall,CVE-2022-2845,2
overall,CVE-2022-1244,2
overall,CVE-2022-1587,2
overall,CVE-2022-36879,2
overall,CVE-2021-38205,2
overall,CVE-2022-0392,2
overall,CVE-2022-2285,2
overall,CVE-2012-3517,2
overall,CVE-2021-3671,2
overall,CVE-2019-25038,2
overall,CVE-2022-2175,2
overall,CVE-2022-36043,2
overall,CVE-2016-6295,2
overall,CVE-2022-0849,2
overall,CVE-2022-3235,2
overall,CVE-2020-15569,2
overall,CVE-2021-3559,2
overall,CVE-2022-2980,2
overall,CVE-2022-30975,2
overall,CVE-2020-11038,2
overall,CVE-2019-16234,2
overall,CVE-2022-28805,2
overall,CVE-2019-18218,2
overall,CVE-2021-33909,2
overall,CVE-2022-2639,2
overall,CVE-2022-2923,2
overall,CVE-2022-29694,2
overall,CVE-2019-3812,2
overall,CVE-2021-4166,2
overall,CVE-2016-10317,2
overall,CVE-2020-16302,2
overall,CVE-2022-1508,2
overall,CVE-2022-2183,2
overall,CVE-2022-28389,2
overall,CVE-2019-19246,2
overall,CVE-2022-1061,2
overall,CVE-2019-19054,2
overall,CVE-2022-34494,2
overall,CVE-2019-13133,2
overall,CVE-2018-18024,2
overall,CVE-2020-14361,2
overall,CVE-2019-3813,2
overall,CVE-2022-0213,2
overall,CVE-2022-3202,2
overall,CVE-2022-3099,2
overall,CVE-2011-1678,2
overall,CVE-2018-8905,2
overall,CVE-2019-19525,2
overall,CVE-2022-1987,2
overall,CVE-2022-36042,2
overall,CVE-2012-2370,2
overall,CVE-2022-37434,2
overall,CVE-2021-3968,2
overall,CVE-2021-4192,2
overall,CVE-2017-15670,2
overall,CVE-2022-26490,2
overall,CVE-2015-7852,2
overall,CVE-2020-27828,2
overall,CVE-2022-0714,2
overall,CVE-2022-25636,2
overall,CVE-2022-25236,2
overall,CVE-2017-9782,2
overall,CVE-2022-3077,2
overall,CVE-2021-3888,2
overall,CVE-2019-18276,2
overall,CVE-2018-18820,2
overall,CVE-2022-38150,2
overall,CVE-2022-1055,2
overall,CVE-2022-3134,2
overall,CVE-2021-41864,2
overall,CVE-2021-37706,2
overall,CVE-2022-1350,2
overall,CVE-2016-7130,2
overall,CVE-2018-16881,2
overall,CVE-2022-3037,2
overall,CVE-2017-12904,2
overall,CVE-2021-32056,2
overall,CVE-2022-1205,2
overall,CVE-2020-7060,2
overall,CVE-2022-1734,2
overall,CVE-2019-9633,2
overall,CVE-2022-0943,2
overall,CVE-2021-4154,2
overall,CVE-2021-3746,2
overall,CVE-2018-20020,2
overall,CVE-2022-2061,2
overall,CVE-2022-25258,2
overall,CVE-2021-43267,2
overall,CVE-2022-0518,2
overall,CVE-2022-3028,2
overall,CVE-2021-37576,2
overall,CVE-2010-1311,2
overall,CVE-2016-6296,2
overall,CVE-2019-19045,2
overall,CVE-2018-13441,2
overall,CVE-2022-31783,2
overall,CVE-2016-9810,2
overall,CVE-2022-0492,2
overall,CVE-2022-25761,2
overall,CVE-2021-3751,2
overall,CVE-2020-12723,2
overall,CVE-2008-1294,2
overall,CVE-2008-3526,2
overall,CVE-2008-4618,2
overall,CVE-2008-4933,2
overall,CVE-2008-4934,2
overall,CVE-2010-0001,2
overall,CVE-2015-8803,2
overall,CVE-2010-0433,2
overall,CVE-2012-4559,2
overall,CVE-2016-8605,2
overall,CVE-2017-12944,2
overall,CVE-2019-1543,2
overall,CVE-2020-7046,2
overall,CVE-2020-12674,2
overall,CVE-2021-46664,2
overall,CVE-2021-46668,2
overall,CVE-2022-27376,2
overall,CVE-2022-27382,2
overall,CVE-2022-27383,2
overall,CVE-2022-27448,2
overall,CVE-2019-11454,2
overall,CVE-2021-23521,2
overall,CVE-2021-46225,2
overall,CVE-2022-21711,2
overall,CVE-2016-9424,1
overall,CVE-2014-2894,1
overall,CVE-2014-8962,1
overall,CVE-2017-9612,1
overall,CVE-2016-9441,1
overall,CVE-2018-16375,1
overall,CVE-2016-3182,1
overall,CVE-2018-9518,1
overall,CVE-2013-3232,1
overall,CVE-2014-3571,1
overall,CVE-2021-40818,1
overall,None,1
overall,CVE-2015-5239,1
train,CVE-2005-4881,38
train,CVE-2019-19532,28
train,CVE-2018-8799,20
train,CVE-2019-19275,16
train,CVE-2013-6825,16
train,CVE-2018-16643,14
train,CVE-2014-0143,14
train,CVE-2013-0169,14
train,CVE-2020-8265,14
train,CVE-2014-3184,12
train,CVE-2013-7270,12
train,CVE-2015-5330,10
train,CVE-2018-20846,10
train,CVE-2016-0826,10
train,CVE-2014-0064,10
train,CVE-2019-19082,10
train,CVE-2020-11089,10
train,CVE-2021-3712,10
train,CVE-2009-3001,9
train,CVE-2009-3605,8
train,CVE-2019-13219,8
train,CVE-2013-1824,8
train,CVE-2014-8321,8
train,CVE-2017-6903,8
train,CVE-2017-14500,8
train,CVE-2021-3416,8
train,CVE-2014-0144,8
train,CVE-2018-5711,8
train,CVE-2019-12974,8
train,CVE-2018-14044,8
train,CVE-2021-20305,8
train,CVE-2017-15994,6
train,CVE-2013-0166,6
train,CVE-2010-4818,6
train,CVE-2015-3197,6
train,CVE-2014-9746,6
train,CVE-2017-7526,6
train,CVE-2013-6763,6
train,CVE-2014-4502,6
train,CVE-2014-2523,6
train,CVE-2013-7265,6
train,CVE-2015-0204,6
train,CVE-2016-4564,6
train,CVE-2016-1237,6
train,CVE-2015-8539,6
train,CVE-2017-8294,6
train,CVE-2016-10506,6
train,CVE-2018-15473,6
train,CVE-2018-1065,6
train,CVE-2019-11811,6
train,CVE-2017-9608,6
train,CVE-2015-3315,6
train,CVE-2019-1010251,6
train,CVE-2013-6663,6
train,CVE-2015-8126,6
train,CVE-2012-2143,6
train,CVE-2018-10539,6
train,CVE-2017-9226,6
train,CVE-2019-13227,6
train,CVE-2019-11500,6
train,CVE-2015-5291,6
train,CVE-2014-6272,6
train,CVE-2017-8379,6
train,CVE-2013-4488,6
train,CVE-2019-14493,6
train,CVE-2019-16161,6
train,CVE-2018-12600,6
train,CVE-2020-25676,6
train,CVE-2020-36224,6
train,CVE-2020-1971,6
train,CVE-2012-2674,6
train,CVE-2018-20467,5
train,CVE-2011-4128,4
train,CVE-2018-1000039,4
train,CVE-2013-4130,4
train,CVE-2018-16863,4
train,CVE-2017-13090,4
train,CVE-2013-2236,4
train,CVE-2015-3195,4
train,CVE-2015-3194,4
train,CVE-2009-0946,4
train,CVE-2017-10971,4
train,CVE-2017-9727,4
train,CVE-2018-10194,4
train,CVE-2016-6262,4
train,CVE-2018-6790,4
train,CVE-2016-4008,4
train,CVE-2012-1573,4
train,CVE-2014-3567,4
train,CVE-2014-3564,4
train,CVE-2014-3468,4
train,CVE-2016-2342,4
train,CVE-2014-2013,4
train,CVE-2016-10218,4
train,CVE-2011-3936,4
train,CVE-2016-0798,4
train,CVE-2016-0702,4
train,CVE-2016-8610,4
train,CVE-2018-0737,4
train,CVE-2018-0735,4
train,CVE-2017-18201,4
train,CVE-2011-0530,4
train,CVE-2012-4467,4
train,CVE-2011-4913,4
train,CVE-2013-1418,4
train,CVE-2013-4588,4
train,CVE-2013-4514,4
train,CVE-2013-4129,4
train,CVE-2014-3144,4
train,CVE-2014-0077,4
train,CVE-2015-7613,4
train,CVE-2015-1805,4
train,CVE-2015-1791,4
train,CVE-2015-1593,4
train,CVE-2015-1331,4
train,CVE-2014-5355,4
train,CVE-2016-10088,4
train,CVE-2016-9755,4
train,CVE-2016-9083,4
train,CVE-2016-7568,4
train,CVE-2016-7163,4
train,CVE-2016-7126,4
train,CVE-2016-6198,4
train,CVE-2016-5400,4
train,CVE-2016-5104,4
train,CVE-2016-4805,4
train,CVE-2016-3951,4
train,CVE-2016-3137,4
train,CVE-2016-3132,4
train,CVE-2016-2548,4
train,CVE-2015-8877,4
train,CVE-2015-8865,4
train,CVE-2015-8630,4
train,CVE-2015-7513,4
train,CVE-2017-1000252,4
train,CVE-2017-17805,4
train,CVE-2017-16546,4
train,CVE-2017-16525,4
train,CVE-2017-15924,4
train,CVE-2017-15537,4
train,CVE-2017-15265,4
train,CVE-2017-14174,4
train,CVE-2017-13715,4
train,CVE-2017-12669,4
train,CVE-2017-12668,4
train,CVE-2017-12667,4
train,CVE-2017-12665,4
train,CVE-2017-12664,4
train,CVE-2017-12663,4
train,CVE-2017-12641,4
train,CVE-2017-11523,4
train,CVE-2017-11448,4
train,CVE-2017-11447,4
train,CVE-2017-9984,4
train,CVE-2017-9763,4
train,CVE-2017-9150,4
train,CVE-2017-9143,4
train,CVE-2017-9141,4
train,CVE-2017-9077,4
train,CVE-2017-8890,4
train,CVE-2017-7586,4
train,CVE-2017-7418,4
train,CVE-2017-6874,4
train,CVE-2017-6309,4
train,CVE-2017-5507,4
train,CVE-2017-0375,4
train,CVE-2016-10200,4
train,CVE-2016-10130,4
train,CVE-2016-10066,4
train,CVE-2016-10054,4
train,CVE-2016-10051,4
train,CVE-2016-10050,4
train,CVE-2015-5203,4
train,CVE-2016-7906,4
train,CVE-2016-6823,4
train,CVE-2015-4054,4
train,CVE-2014-9922,4
train,CVE-2018-17407,4
train,CVE-2018-16842,4
train,CVE-2018-16644,4
train,CVE-2018-14350,4
train,CVE-2018-14351,4
train,CVE-2018-12460,4
train,CVE-2018-12232,4
train,CVE-2018-7186,4
train,CVE-2018-6196,4
train,CVE-2017-18218,4
train,CVE-2017-18174,4
train,CVE-2014-8130,4
train,CVE-2019-16347,4
train,CVE-2019-15148,4
train,CVE-2019-15139,4
train,CVE-2019-13137,4
train,CVE-2019-13134,4
train,CVE-2019-11599,4
train,CVE-2019-11472,4
train,CVE-2019-11470,4
train,CVE-2019-9162,4
train,CVE-2019-7397,4
train,CVE-2019-7175,4
train,CVE-2018-20847,4
train,CVE-2018-20836,4
train,CVE-2018-20761,4
train,CVE-2018-14466,4
train,CVE-2018-7191,4
train,CVE-2010-5332,4
train,CVE-2013-4592,4
train,CVE-2012-6544,4
train,CVE-2017-16359,4
train,CVE-2017-7277,4
train,CVE-2016-9933,4
train,CVE-2016-7530,4
train,CVE-2012-2870,4
train,CVE-2013-2906,4
train,CVE-2014-7904,4
train,CVE-2014-3191,4
train,CVE-2016-1618,4
train,CVE-2016-3872,4
train,CVE-2016-3861,4
train,CVE-2016-2476,4
train,CVE-2015-5296,4
train,CVE-2015-8374,4
train,CVE-2017-14172,4
train,CVE-2017-12666,4
train,CVE-2017-12644,4
train,CVE-2017-6415,4
train,CVE-2016-10052,4
train,CVE-2018-16640,4
train,CVE-2016-9583,4
train,CVE-2013-6420,4
train,CVE-2015-7804,4
train,CVE-2017-11144,4
train,CVE-2017-11143,4
train,CVE-2016-7157,4
train,CVE-2016-3185,4
train,CVE-2016-3142,4
train,CVE-2016-2538,4
train,CVE-2015-8867,4
train,CVE-2013-4544,4
train,CVE-2014-0145,4
train,CVE-2019-17113,4
train,CVE-2012-2673,4
train,CVE-2014-8116,4
train,CVE-2014-2270,4
train,CVE-2017-9465,4
train,CVE-2013-1788,4
train,CVE-2016-10171,4
train,CVE-2016-10165,4
train,CVE-2018-10537,4
train,CVE-2021-45942,4
train,CVE-2017-14641,4
train,CVE-2014-2209,4
train,CVE-2019-3557,4
train,CVE-2017-12476,4
train,CVE-2016-0740,4
train,CVE-2018-14355,4
train,CVE-2018-20457,4
train,CVE-2019-19624,4
train,CVE-2019-13615,4
train,CVE-2017-14646,4
train,CVE-2020-27787,4
train,CVE-2021-37648,4
train,CVE-2017-1000158,4
train,CVE-2019-18391,4
train,CVE-2017-15056,4
train,CVE-2020-12783,4
train,CVE-2019-7398,4
train,CVE-2019-12975,4
train,CVE-2015-7691,4
train,CVE-2018-18544,4
train,CVE-2018-1140,4
train,CVE-2020-5208,4
train,CVE-2014-8627,4
train,CVE-2020-25660,4
train,CVE-2008-3546,4
train,CVE-2018-16412,4
train,CVE-2020-25669,4
train,CVE-2015-2716,4
train,CVE-2011-3603,4
train,CVE-2018-8779,4
train,CVE-2021-20224,4
train,CVE-2020-36279,4
train,CVE-2019-19646,4
train,CVE-2019-13114,4
train,CVE-2018-19132,4
train,CVE-2018-14345,4
train,CVE-2019-18853,4
train,CVE-2020-27827,4
train,CVE-2007-1320,4
train,CVE-2019-10063,4
train,CVE-2018-14436,4
train,CVE-2019-3824,4
train,CVE-2019-25050,4
train,CVE-2016-10906,4
train,CVE-2019-11459,4
train,CVE-2018-16880,4
train,CVE-2016-5095,4
train,CVE-2020-25651,4
train,CVE-2014-0249,4
train,CVE-2019-18397,4
train,CVE-2017-17787,4
train,CVE-2019-3843,4
train,CVE-2019-12977,4
train,CVE-2013-2020,4
train,CVE-2019-16713,4
train,CVE-2019-19012,4
train,CVE-2016-6313,4
train,CVE-2019-13111,4
train,CVE-2019-19948,4
train,CVE-2019-12380,4
train,CVE-2021-3409,4
train,CVE-2015-8608,4
train,CVE-2017-11166,4
train,CVE-2019-19227,4
train,CVE-2014-3684,4
train,CVE-2021-30500,4
train,CVE-2019-10149,4
train,CVE-2019-17266,4
train,CVE-2019-9956,4
train,CVE-2018-13153,4
train,CVE-2019-14452,4
train,CVE-2011-2768,4
train,CVE-2016-3739,4
train,CVE-2020-15503,4
train,CVE-2016-10905,4
train,CVE-2019-12976,4
train,CVE-2016-7414,4
train,CVE-2013-0157,4
train,CVE-2011-0989,4
train,CVE-2019-15926,4
train,CVE-2018-10733,4
train,CVE-2022-2526,4
train,CVE-2018-12547,4
train,CVE-2021-21261,4
train,CVE-2012-1108,4
train,CVE-2020-12278,4
train,CVE-2018-12617,4
train,CVE-2013-2126,4
train,CVE-2016-1248,4
train,CVE-2015-5070,4
train,CVE-2011-3627,4
train,CVE-2018-7725,4
train,CVE-2015-8370,4
train,CVE-2008-3275,4
train,CVE-2011-0904,4
train,CVE-2011-1750,4
train,CVE-2012-1177,4
train,CVE-2012-4502,4
train,CVE-2014-4877,4
train,CVE-2016-2182,4
train,CVE-2019-14889,4
train,CVE-2021-23841,4
train,CVE-2021-3507,4
train,CVE-2017-9740,3
train,CVE-2017-9618,3
train,CVE-2016-6304,3
train,CVE-2016-6302,3
train,CVE-2017-14041,3
train,CVE-2017-11310,3
train,CVE-2017-9142,3
train,CVE-2016-4796,3
train,CVE-2018-16790,3
train,CVE-2018-6927,3
train,CVE-2018-6197,3
train,CVE-2019-12818,3
train,CVE-2016-2429,3
train,CVE-2017-9739,3
train,CVE-2014-9718,3
train,CVE-2017-14227,3
train,CVE-2018-9422,3
train,CVE-2016-9439,3
train,CVE-2018-12599,3
train,CVE-2014-0224,3
train,CVE-2013-6449,2
train,CVE-2015-7665,2
train,CVE-2018-1000037,2
train,CVE-2018-20482,2
train,CVE-2018-20103,2
train,CVE-2017-16852,2
train,CVE-2019-15938,2
train,CVE-2019-15937,2
train,CVE-2017-15873,2
train,CVE-2011-2895,2
train,CVE-2017-15650,2
train,CVE-2013-4474,2
train,CVE-2013-4473,2
train,CVE-2019-14975,2
train,CVE-2015-5352,2
train,CVE-2018-17961,2
train,CVE-2015-5252,2
train,CVE-2019-13636,2
train,CVE-2011-2200,2
train,CVE-2011-1943,2
train,CVE-2017-13720,2
train,CVE-2018-16542,2
train,CVE-2018-16541,2
train,CVE-2018-16513,2
train,CVE-2019-12382,2
train,CVE-2015-3281,2
train,CVE-2015-3193,2
train,CVE-2017-11714,2
train,CVE-2019-11360,2
train,CVE-2018-14036,2
train,CVE-2015-1793,2
train,CVE-2019-9923,2
train,CVE-2017-9726,2
train,CVE-2013-0292,2
train,CVE-2017-9619,2
train,CVE-2010-4707,2
train,CVE-2017-9461,2
train,CVE-2015-0292,2
train,CVE-2015-0290,2
train,CVE-2015-0287,2
train,CVE-2015-0286,2
train,CVE-2015-0285,2
train,CVE-2017-8934,2
train,CVE-2012-5670,2
train,CVE-2012-5669,2
train,CVE-2012-5667,2
train,CVE-2017-8849,2
train,CVE-2014-9745,2
train,CVE-2018-11469,2
train,CVE-2014-9672,2
train,CVE-2014-9670,2
train,CVE-2014-9669,2
train,CVE-2014-9666,2
train,CVE-2014-9658,2
train,CVE-2014-9656,2
train,CVE-2017-8287,2
train,CVE-2017-8105,2
train,CVE-2010-4352,2
train,CVE-2017-7864,2
train,CVE-2017-7857,2
train,CVE-2017-7511,2
train,CVE-2017-7476,2
train,CVE-2010-3855,2
train,CVE-2018-10184,2
train,CVE-2016-7953,2
train,CVE-2016-7944,2
train,CVE-2016-7424,2
train,CVE-2017-6542,2
train,CVE-2016-7052,2
train,CVE-2017-6414,2
train,CVE-2017-6355,2
train,CVE-2017-6317,2
train,CVE-2017-6210,2
train,CVE-2017-6209,2
train,CVE-2017-5994,2
train,CVE-2017-5956,2
train,CVE-2012-3291,2
train,CVE-2016-6301,2
train,CVE-2010-2805,2
train,CVE-2017-5580,2
train,CVE-2014-6269,2
train,CVE-2017-5330,2
train,CVE-2010-2520,2
train,CVE-2010-2519,2
train,CVE-2010-2500,2
train,CVE-2010-2499,2
train,CVE-2010-2498,2
train,CVE-2010-2497,2
train,CVE-2016-5407,2
train,CVE-2018-6951,2
train,CVE-2018-6942,2
train,CVE-2018-6791,2
train,CVE-2014-4883,2
train,CVE-2010-1642,2
train,CVE-2016-3994,2
train,CVE-2016-3993,2
train,CVE-2019-1563,2
train,CVE-2008-1950,2
train,CVE-2018-5388,2
train,CVE-2014-3509,2
train,CVE-2014-3508,2
train,CVE-2016-2860,2
train,CVE-2016-2842,2
train,CVE-2016-2181,2
train,CVE-2016-2176,2
train,CVE-2014-2855,2
train,CVE-2016-2106,2
train,CVE-2016-2105,2
train,CVE-2017-0553,2
train,CVE-2017-0379,2
train,CVE-2014-2241,2
train,CVE-2016-10369,2
train,CVE-2011-4328,2
train,CVE-2011-4029,2
train,CVE-2016-10164,2
train,CVE-2011-3929,2
train,CVE-2011-3193,2
train,CVE-2016-0701,2
train,CVE-2016-8602,2
train,CVE-2016-7977,2
train,CVE-2016-7393,2
train,CVE-2015-8325,2
train,CVE-2014-0195,2
train,CVE-2018-1116,2
train,CVE-2018-0734,2
train,CVE-2018-0732,2
train,CVE-2013-6462,2
train,CVE-2014-9764,2
train,CVE-2014-9763,2
train,CVE-2014-9762,2
train,CVE-2011-5326,2
train,CVE-2000-1254,2
train,CVE-2018-0495,2
train,CVE-2016-2090,2
train,CVE-2013-4353,2
train,CVE-2013-4159,2
train,CVE-2014-9645,2
train,CVE-2007-5199,2
train,CVE-2015-9383,2
train,CVE-2015-9290,2
train,CVE-2014-10375,2
train,CVE-2017-12179,2
train,CVE-2017-12178,2
train,CVE-2017-12177,2
train,CVE-2017-12176,2
train,CVE-2017-2626,2
train,CVE-2017-2625,2
train,CVE-2016-10713,2
train,CVE-2016-9601,2
train,CVE-2016-7056,2
train,CVE-2015-9261,2
train,CVE-2014-10073,2
train,CVE-2014-1845,2
train,CVE-2009-1194,2
train,CVE-2010-1152,2
train,CVE-2010-0011,2
train,CVE-2011-2161,2
train,CVE-2012-4565,2
train,CVE-2012-3510,2
train,CVE-2012-2745,2
train,CVE-2012-2669,2
train,CVE-2012-2375,2
train,CVE-2012-2313,2
train,CVE-2012-2123,2
train,CVE-2012-2100,2
train,CVE-2012-1583,2
train,CVE-2012-1097,2
train,CVE-2012-0957,2
train,CVE-2012-0807,2
train,CVE-2012-0207,2
train,CVE-2012-0058,2
train,CVE-2012-0044,2
train,CVE-2011-4594,2
train,CVE-2011-4326,2
train,CVE-2011-4324,2
train,CVE-2011-4097,2
train,CVE-2011-4086,2
train,CVE-2011-3363,2
train,CVE-2011-3359,2
train,CVE-2011-3353,2
train,CVE-2011-2707,2
train,CVE-2011-2183,2
train,CVE-2011-2182,2
train,CVE-2011-1927,2
train,CVE-2011-1833,2
train,CVE-2011-1079,2
train,CVE-2011-0716,2
train,CVE-2011-0006,2
train,CVE-2010-4650,2
train,CVE-2013-7027,2
train,CVE-2013-7023,2
train,CVE-2013-7022,2
train,CVE-2013-7021,2
train,CVE-2013-7020,2
train,CVE-2013-7015,2
train,CVE-2013-7014,2
train,CVE-2013-7012,2
train,CVE-2013-7009,2
train,CVE-2013-6432,2
train,CVE-2013-6383,2
train,CVE-2013-6381,2
train,CVE-2013-6378,2
train,CVE-2013-6376,2
train,CVE-2013-4623,2
train,CVE-2013-4587,2
train,CVE-2013-4563,2
train,CVE-2013-4516,2
train,CVE-2013-4515,2
train,CVE-2013-4513,2
train,CVE-2013-4483,2
train,CVE-2013-4470,2
train,CVE-2013-4300,2
train,CVE-2013-4270,2
train,CVE-2013-4265,2
train,CVE-2013-4254,2
train,CVE-2013-4247,2
train,CVE-2013-4244,2
train,CVE-2013-4220,2
train,CVE-2013-4163,2
train,CVE-2013-4162,2
train,CVE-2013-4127,2
train,CVE-2013-3302,2
train,CVE-2013-3301,2
train,CVE-2013-3230,2
train,CVE-2013-3229,2
train,CVE-2013-3224,2
train,CVE-2013-2930,2
train,CVE-2013-2929,2
train,CVE-2013-2850,2
train,CVE-2013-2635,2
train,CVE-2013-2596,2
train,CVE-2013-2546,2
train,CVE-2013-2174,2
train,CVE-2013-2141,2
train,CVE-2013-2140,2
train,CVE-2013-2128,2
train,CVE-2013-2061,2
train,CVE-2013-2058,2
train,CVE-2013-2015,2
train,CVE-2013-1957,2
train,CVE-2013-1956,2
train,CVE-2013-1929,2
train,CVE-2013-1928,2
train,CVE-2013-1860,2
train,CVE-2013-1828,2
train,CVE-2013-1826,2
train,CVE-2013-1819,2
train,CVE-2013-1774,2
train,CVE-2013-1772,2
train,CVE-2013-1428,2
train,CVE-2013-1416,2
train,CVE-2013-1415,2
train,CVE-2013-0914,2
train,CVE-2013-0349,2
train,CVE-2013-0313,2
train,CVE-2013-0310,2
train,CVE-2013-0290,2
train,CVE-2013-0268,2
train,CVE-2013-0211,2
train,CVE-2012-6549,2
train,CVE-2012-6548,2
train,CVE-2012-6547,2
train,CVE-2012-6541,2
train,CVE-2012-6540,2
train,CVE-2012-6537,2
train,CVE-2012-4530,2
train,CVE-2012-1016,2
train,CVE-2011-4604,2
train,CVE-2011-4348,2
train,CVE-2011-4347,2
train,CVE-2011-4087,2
train,CVE-2011-3619,2
train,CVE-2011-2905,2
train,CVE-2011-2482,2
train,CVE-2011-1180,2
train,CVE-2011-1019,2
train,CVE-2002-2443,2
train,CVE-2014-9420,2
train,CVE-2014-9419,2
train,CVE-2014-8884,2
train,CVE-2014-7283,2
train,CVE-2014-7145,2
train,CVE-2014-6410,2
train,CVE-2014-6395,2
train,CVE-2014-5206,2
train,CVE-2014-5045,2
train,CVE-2014-4611,2
train,CVE-2014-4608,2
train,CVE-2014-4503,2
train,CVE-2014-4049,2
train,CVE-2014-4027,2
train,CVE-2014-3985,2
train,CVE-2014-3688,2
train,CVE-2014-3645,2
train,CVE-2014-3597,2
train,CVE-2014-3186,2
train,CVE-2014-3182,2
train,CVE-2014-3181,2
train,CVE-2014-3158,2
train,CVE-2014-3153,2
train,CVE-2014-3122,2
train,CVE-2014-2889,2
train,CVE-2014-2739,2
train,CVE-2014-2706,2
train,CVE-2014-2673,2
train,CVE-2014-2672,2
train,CVE-2014-2038,2
train,CVE-2014-1739,2
train,CVE-2014-1690,2
train,CVE-2014-1446,2
train,CVE-2014-1445,2
train,CVE-2014-1444,2
train,CVE-2014-0205,2
train,CVE-2014-0203,2
train,CVE-2014-0069,2
train,CVE-2014-0038,2
train,CVE-2013-7348,2
train,CVE-2013-7339,2
train,CVE-2013-7262,2
train,CVE-2013-4160,2
train,CVE-2013-2182,2
train,CVE-2013-0250,2
train,CVE-2012-6657,2
train,CVE-2012-6647,2
train,CVE-2011-3602,2
train,CVE-2011-2909,2
train,CVE-2015-8660,2
train,CVE-2015-7990,2
train,CVE-2015-7885,2
train,CVE-2015-7884,2
train,CVE-2015-6937,2
train,CVE-2015-6564,2
train,CVE-2015-6563,2
train,CVE-2015-6526,2
train,CVE-2015-6252,2
train,CVE-2015-6031,2
train,CVE-2015-5706,2
train,CVE-2015-5697,2
train,CVE-2015-5287,2
train,CVE-2015-5283,2
train,CVE-2015-5273,2
train,CVE-2015-5156,2
train,CVE-2015-4471,2
train,CVE-2015-4167,2
train,CVE-2015-4001,2
train,CVE-2015-3885,2
train,CVE-2015-3417,2
train,CVE-2015-3339,2
train,CVE-2015-3331,2
train,CVE-2015-2922,2
train,CVE-2015-2831,2
train,CVE-2015-2698,2
train,CVE-2015-2697,2
train,CVE-2015-2694,2
train,CVE-2015-2666,2
train,CVE-2015-1867,2
train,CVE-2015-1790,2
train,CVE-2015-1421,2
train,CVE-2015-0278,2
train,CVE-2015-0239,2
train,CVE-2015-0231,2
train,CVE-2015-0206,2
train,CVE-2015-0205,2
train,CVE-2014-9730,2
train,CVE-2014-9683,2
train,CVE-2014-9644,2
train,CVE-2014-9621,2
train,CVE-2014-9529,2
train,CVE-2014-9496,2
train,CVE-2014-9421,2
train,CVE-2014-8176,2
train,CVE-2014-8160,2
train,CVE-2014-7822,2
train,CVE-2013-7441,2
train,CVE-2016-9919,2
train,CVE-2016-9888,2
train,CVE-2016-9806,2
train,CVE-2016-9794,2
train,CVE-2016-9793,2
train,CVE-2016-9777,2
train,CVE-2016-9576,2
train,CVE-2016-9539,2
train,CVE-2016-9442,2
train,CVE-2016-9191,2
train,CVE-2016-9120,2
train,CVE-2016-8858,2
train,CVE-2016-8658,2
train,CVE-2016-8646,2
train,CVE-2016-8645,2
train,CVE-2016-7917,2
train,CVE-2016-7915,2
train,CVE-2016-7912,2
train,CVE-2016-7412,2
train,CVE-2016-7166,2
train,CVE-2016-7141,2
train,CVE-2016-7117,2
train,CVE-2016-7115,2
train,CVE-2016-6516,2
train,CVE-2016-6515,2
train,CVE-2016-6254,2
train,CVE-2016-6187,2
train,CVE-2016-6156,2
train,CVE-2016-6130,2
train,CVE-2016-5844,2
train,CVE-2016-5829,2
train,CVE-2016-5728,2
train,CVE-2016-5689,2
train,CVE-2016-5358,2
train,CVE-2016-5356,2
train,CVE-2016-5355,2
train,CVE-2016-5353,2
train,CVE-2016-5351,2
train,CVE-2016-4951,2
train,CVE-2016-4913,2
train,CVE-2016-4804,2
train,CVE-2016-4580,2
train,CVE-2016-4482,2
train,CVE-2016-4478,2
train,CVE-2016-4303,2
train,CVE-2016-4301,2
train,CVE-2016-3955,2
train,CVE-2016-3713,2
train,CVE-2016-3140,2
train,CVE-2016-3138,2
train,CVE-2016-3136,2
train,CVE-2016-3135,2
train,CVE-2016-3120,2
train,CVE-2016-3074,2
train,CVE-2016-3062,2
train,CVE-2016-2782,2
train,CVE-2016-2544,2
train,CVE-2016-2543,2
train,CVE-2016-2385,2
train,CVE-2016-2384,2
train,CVE-2016-2315,2
train,CVE-2016-2188,2
train,CVE-2016-2187,2
train,CVE-2016-2186,2
train,CVE-2016-2185,2
train,CVE-2016-2117,2
train,CVE-2016-2085,2
train,CVE-2016-2070,2
train,CVE-2016-2053,2
train,CVE-2016-0823,2
train,CVE-2016-0728,2
train,CVE-2015-8966,2
train,CVE-2015-8961,2
train,CVE-2015-8956,2
train,CVE-2015-8953,2
train,CVE-2015-8863,2
train,CVE-2015-8845,2
train,CVE-2015-8787,2
train,CVE-2015-8785,2
train,CVE-2015-8784,2
train,CVE-2015-8629,2
train,CVE-2015-7566,2
train,CVE-2015-7515,2
train,CVE-2015-4177,2
train,CVE-2015-4170,2
train,CVE-2015-1339,2
train,CVE-2014-9904,2
train,CVE-2014-9903,2
train,CVE-2013-7455,2
train,CVE-2012-6703,2
train,CVE-2012-6689,2
train,CVE-2011-5321,2
train,CVE-2017-1000380,2
train,CVE-2017-1000249,2
train,CVE-2017-1000211,2
train,CVE-2017-1000200,2
train,CVE-2017-17857,2
train,CVE-2017-17807,2
train,CVE-2017-17806,2
train,CVE-2017-17712,2
train,CVE-2017-17439,2
train,CVE-2017-17081,2
train,CVE-2017-16994,2
train,CVE-2017-16820,2
train,CVE-2017-16803,2
train,CVE-2017-16643,2
train,CVE-2017-16535,2
train,CVE-2017-16534,2
train,CVE-2017-16533,2
train,CVE-2017-16529,2
train,CVE-2017-16528,2
train,CVE-2017-15906,2
train,CVE-2017-15868,2
train,CVE-2017-15649,2
train,CVE-2017-15306,2
train,CVE-2017-15277,2
train,CVE-2017-15116,2
train,CVE-2017-15115,2
train,CVE-2017-15102,2
train,CVE-2017-15033,2
train,CVE-2017-15032,2
train,CVE-2017-14727,2
train,CVE-2017-14502,2
train,CVE-2017-14230,2
train,CVE-2017-14222,2
train,CVE-2017-14173,2
train,CVE-2017-14166,2
train,CVE-2017-14151,2
train,CVE-2017-14140,2
train,CVE-2017-14106,2
train,CVE-2017-14059,2
train,CVE-2017-14058,2
train,CVE-2017-14056,2
train,CVE-2017-14055,2
train,CVE-2017-14040,2
train,CVE-2017-13725,2
train,CVE-2017-13695,2
train,CVE-2017-13694,2
train,CVE-2017-13693,2
train,CVE-2017-13688,2
train,CVE-2017-13686,2
train,CVE-2017-13658,2
train,CVE-2017-13146,2
train,CVE-2017-13143,2
train,CVE-2017-13055,2
train,CVE-2017-13054,2
train,CVE-2017-13052,2
train,CVE-2017-13051,2
train,CVE-2017-13050,2
train,CVE-2017-13049,2
train,CVE-2017-13045,2
train,CVE-2017-13042,2
train,CVE-2017-13038,2
train,CVE-2017-13037,2
train,CVE-2017-13036,2
train,CVE-2017-13033,2
train,CVE-2017-13031,2
train,CVE-2017-13027,2
train,CVE-2017-13025,2
train,CVE-2017-13022,2
train,CVE-2017-13017,2
train,CVE-2017-13015,2
train,CVE-2017-13014,2
train,CVE-2017-13012,2
train,CVE-2017-13011,2
train,CVE-2017-13010,2
train,CVE-2017-13007,2
train,CVE-2017-13005,2
train,CVE-2017-13002,2
train,CVE-2017-13001,2
train,CVE-2017-13000,2
train,CVE-2017-12995,2
train,CVE-2017-12994,2
train,CVE-2017-12992,2
train,CVE-2017-12989,2
train,CVE-2017-12988,2
train,CVE-2017-12982,2
train,CVE-2017-12901,2
train,CVE-2017-12897,2
train,CVE-2017-12894,2
train,CVE-2017-12877,2
train,CVE-2017-12662,2
train,CVE-2017-12427,2
train,CVE-2017-12193,2
train,CVE-2017-11665,2
train,CVE-2017-11522,2
train,CVE-2017-11472,2
train,CVE-2017-11328,2
train,CVE-2017-11176,2
train,CVE-2017-11171,2
train,CVE-2017-10929,2
train,CVE-2017-10911,2
train,CVE-2017-10810,2
train,CVE-2017-10671,2
train,CVE-2017-9996,2
train,CVE-2017-9994,2
train,CVE-2017-9993,2
train,CVE-2017-9992,2
train,CVE-2017-9991,2
train,CVE-2017-9990,2
train,CVE-2017-9605,2
train,CVE-2017-9527,2
train,CVE-2017-9520,2
train,CVE-2017-9501,2
train,CVE-2017-9499,2
train,CVE-2017-9242,2
train,CVE-2017-9229,2
train,CVE-2017-9225,2
train,CVE-2017-9217,2
train,CVE-2017-9211,2
train,CVE-2017-9201,2
train,CVE-2017-9144,2
train,CVE-2017-9098,2
train,CVE-2017-9075,2
train,CVE-2017-9051,2
train,CVE-2017-8925,2
train,CVE-2017-8831,2
train,CVE-2017-8825,2
train,CVE-2017-8073,2
train,CVE-2017-8072,2
train,CVE-2017-8070,2
train,CVE-2017-8066,2
train,CVE-2017-8065,2
train,CVE-2017-8064,2
train,CVE-2017-8063,2
train,CVE-2017-8061,2
train,CVE-2017-7962,2
train,CVE-2017-7875,2
train,CVE-2017-7866,2
train,CVE-2017-7863,2
train,CVE-2017-7854,2
train,CVE-2017-7585,2
train,CVE-2017-7645,2
train,CVE-2017-7541,2
train,CVE-2017-7533,2
train,CVE-2017-7487,2
train,CVE-2017-7274,2
train,CVE-2017-7273,2
train,CVE-2017-6890,2
train,CVE-2017-6502,2
train,CVE-2017-6501,2
train,CVE-2017-6500,2
train,CVE-2017-6497,2
train,CVE-2017-6436,2
train,CVE-2017-6430,2
train,CVE-2017-6429,2
train,CVE-2017-6348,2
train,CVE-2017-6347,2
train,CVE-2017-6194,2
train,CVE-2017-6074,2
train,CVE-2017-6001,2
train,CVE-2017-5985,2
train,CVE-2017-5847,2
train,CVE-2017-5668,2
train,CVE-2017-5551,2
train,CVE-2017-5550,2
train,CVE-2017-5549,2
train,CVE-2017-5508,2
train,CVE-2017-5506,2
train,CVE-2017-5340,2
train,CVE-2017-5226,2
train,CVE-2017-5225,2
train,CVE-2017-5209,2
train,CVE-2017-5207,2
train,CVE-2017-5206,2
train,CVE-2017-0380,2
train,CVE-2017-0377,2
train,CVE-2016-10375,2
train,CVE-2016-10318,2
train,CVE-2016-10092,2
train,CVE-2016-10266,2
train,CVE-2016-10250,2
train,CVE-2016-10248,2
train,CVE-2016-10208,2
train,CVE-2016-10197,2
train,CVE-2016-10196,2
train,CVE-2016-10195,2
train,CVE-2016-10192,2
train,CVE-2016-10189,2
train,CVE-2016-10161,2
train,CVE-2016-10158,2
train,CVE-2016-10156,2
train,CVE-2016-10154,2
train,CVE-2016-10144,2
train,CVE-2016-10094,2
train,CVE-2016-10070,2
train,CVE-2016-10069,2
train,CVE-2016-10068,2
train,CVE-2016-10067,2
train,CVE-2016-10064,2
train,CVE-2016-10060,2
train,CVE-2016-10053,2
train,CVE-2016-10048,2
train,CVE-2016-10046,2
train,CVE-2016-10044,2
train,CVE-2016-10030,2
train,CVE-2016-10011,2
train,CVE-2016-9936,2
train,CVE-2016-9935,2
train,CVE-2016-9843,2
train,CVE-2016-9842,2
train,CVE-2016-9841,2
train,CVE-2016-9840,2
train,CVE-2016-9556,2
train,CVE-2016-9391,2
train,CVE-2016-9389,2
train,CVE-2016-8887,2
train,CVE-2016-8690,2
train,CVE-2016-8693,2
train,CVE-2016-8689,2
train,CVE-2016-8687,2
train,CVE-2016-8636,2
train,CVE-2016-7972,2
train,CVE-2016-7970,2
train,CVE-2016-7799,2
train,CVE-2016-7540,2
train,CVE-2016-7533,2
train,CVE-2016-7529,2
train,CVE-2016-7528,2
train,CVE-2016-7521,2
train,CVE-2016-7520,2
train,CVE-2016-7515,2
train,CVE-2016-7145,2
train,CVE-2016-7144,2
train,CVE-2016-6911,2
train,CVE-2016-3695,2
train,CVE-2016-3179,2
train,CVE-2016-3178,2
train,CVE-2016-2347,2
train,CVE-2015-8959,2
train,CVE-2015-8900,2
train,CVE-2015-8898,2
train,CVE-2015-8897,2
train,CVE-2015-8896,2
train,CVE-2015-8894,2
train,CVE-2015-8026,2
train,CVE-2015-7837,2
train,CVE-2015-6817,2
train,CVE-2015-5221,2
train,CVE-2014-9940,2
train,CVE-2014-9914,2
train,CVE-2014-4978,2
train,CVE-2018-1999015,2
train,CVE-2018-1999013,2
train,CVE-2018-1999012,2
train,CVE-2018-1999011,2
train,CVE-2018-1999010,2
train,CVE-2018-1000880,2
train,CVE-2018-1000879,2
train,CVE-2018-1000852,2
train,CVE-2018-1000524,2
train,CVE-2018-1000127,2
train,CVE-2018-20542,2
train,CVE-2018-20511,2
train,CVE-2018-20145,2
train,CVE-2018-19854,2
train,CVE-2018-19841,2
train,CVE-2018-19497,2
train,CVE-2018-19199,2
train,CVE-2018-19198,2
train,CVE-2018-19115,2
train,CVE-2018-19052,2
train,CVE-2018-18955,2
train,CVE-2018-18710,2
train,CVE-2018-18690,2
train,CVE-2018-18585,2
train,CVE-2018-17942,2
train,CVE-2018-17206,2
train,CVE-2018-17205,2
train,CVE-2018-17204,2
train,CVE-2018-17082,2
train,CVE-2018-16840,2
train,CVE-2018-16839,2
train,CVE-2018-16749,2
train,CVE-2018-16645,2
train,CVE-2018-16642,2
train,CVE-2018-16435,2
train,CVE-2018-16276,2
train,CVE-2018-16253,2
train,CVE-2018-15863,2
train,CVE-2018-15859,2
train,CVE-2018-15858,2
train,CVE-2018-15857,2
train,CVE-2018-15856,2
train,CVE-2018-15855,2
train,CVE-2018-15836,2
train,CVE-2018-15572,2
train,CVE-2018-15501,2
train,CVE-2018-15132,2
train,CVE-2018-15120,2
train,CVE-2018-14681,2
train,CVE-2018-14395,2
train,CVE-2018-14363,2
train,CVE-2018-14356,2
train,CVE-2018-14354,2
train,CVE-2018-13785,2
train,CVE-2018-13406,2
train,CVE-2018-13405,2
train,CVE-2018-13303,2
train,CVE-2018-13301,2
train,CVE-2018-13095,2
train,CVE-2018-13094,2
train,CVE-2018-13006,2
train,CVE-2018-12633,2
train,CVE-2018-12459,2
train,CVE-2018-12320,2
train,CVE-2018-12249,2
train,CVE-2018-12248,2
train,CVE-2018-12247,2
train,CVE-2018-11596,2
train,CVE-2018-11592,2
train,CVE-2018-11591,2
train,CVE-2018-11508,2
train,CVE-2018-11384,2
train,CVE-2018-11382,2
train,CVE-2018-11381,2
train,CVE-2018-11380,2
train,CVE-2018-11379,2
train,CVE-2018-11377,2
train,CVE-2018-11232,2
train,CVE-2018-10887,2
train,CVE-2018-10717,2
train,CVE-2018-10675,2
train,CVE-2018-10360,2
train,CVE-2018-10199,2
train,CVE-2018-10191,2
train,CVE-2018-10124,2
train,CVE-2018-10074,2
train,CVE-2018-9336,2
train,CVE-2018-9275,2
train,CVE-2018-8970,2
train,CVE-2018-8897,2
train,CVE-2018-8828,2
train,CVE-2018-8788,2
train,CVE-2018-8787,2
train,CVE-2018-8786,2
train,CVE-2018-8784,2
train,CVE-2018-8087,2
train,CVE-2018-8043,2
train,CVE-2018-7998,2
train,CVE-2018-7757,2
train,CVE-2018-7480,2
train,CVE-2018-7247,2
train,CVE-2018-6767,2
train,CVE-2018-6651,2
train,CVE-2018-5873,2
train,CVE-2018-5344,2
train,CVE-2018-1091,2
train,CVE-2018-0500,2
train,CVE-2017-1000494,2
train,CVE-2017-1000418,2
train,CVE-2017-18257,2
train,CVE-2017-18255,2
train,CVE-2017-18249,2
train,CVE-2017-18248,2
train,CVE-2017-18221,2
train,CVE-2017-18208,2
train,CVE-2017-18204,2
train,CVE-2017-18203,2
train,CVE-2017-18200,2
train,CVE-2017-18193,2
train,CVE-2017-18190,2
train,CVE-2017-18187,2
train,CVE-2017-18017,2
train,CVE-2017-15129,2
train,CVE-2017-15128,2
train,CVE-2017-9732,2
train,CVE-2017-2616,2
train,CVE-2016-7035,2
train,CVE-2016-5314,2
train,CVE-2019-1010305,2
train,CVE-2019-1010239,2
train,CVE-2019-1010208,2
train,CVE-2019-1000020,2
train,CVE-2019-1000019,2
train,CVE-2019-17547,2
train,CVE-2019-17542,2
train,CVE-2019-16995,2
train,CVE-2019-16994,2
train,CVE-2019-16714,2
train,CVE-2019-16058,2
train,CVE-2019-15924,2
train,CVE-2019-15921,2
train,CVE-2019-15918,2
train,CVE-2019-15917,2
train,CVE-2019-15538,2
train,CVE-2019-15166,2
train,CVE-2019-15165,2
train,CVE-2019-15141,2
train,CVE-2019-14981,2
train,CVE-2019-14980,2
train,CVE-2019-14934,2
train,CVE-2019-14495,2
train,CVE-2019-14462,2
train,CVE-2019-14459,2
train,CVE-2019-14323,2
train,CVE-2019-14283,2
train,CVE-2019-13454,2
train,CVE-2019-13311,2
train,CVE-2019-13308,2
train,CVE-2019-13304,2
train,CVE-2019-13302,2
train,CVE-2019-13300,2
train,CVE-2019-13298,2
train,CVE-2019-13297,2
train,CVE-2019-13296,2
train,CVE-2019-13272,2
train,CVE-2019-13224,2
train,CVE-2019-13135,2
train,CVE-2019-12819,2
train,CVE-2019-12439,2
train,CVE-2019-12111,2
train,CVE-2019-12110,2
train,CVE-2019-12106,2
train,CVE-2019-12098,2
train,CVE-2019-11884,2
train,CVE-2019-11815,2
train,CVE-2019-11810,2
train,CVE-2019-11498,2
train,CVE-2019-11463,2
train,CVE-2019-11412,2
train,CVE-2019-11411,2
train,CVE-2019-11339,2
train,CVE-2019-10672,2
train,CVE-2019-10664,2
train,CVE-2019-10638,2
train,CVE-2019-10131,2
train,CVE-2019-9578,2
train,CVE-2019-8906,2
train,CVE-2019-7395,2
train,CVE-2019-3877,2
train,CVE-2018-21017,2
train,CVE-2018-21010,2
train,CVE-2018-20961,2
train,CVE-2018-20856,2
train,CVE-2018-20855,2
train,CVE-2018-20784,2
train,CVE-2018-20763,2
train,CVE-2018-16452,2
train,CVE-2018-16451,2
train,CVE-2018-16300,2
train,CVE-2018-16229,2
train,CVE-2018-16227,2
train,CVE-2018-14880,2
train,CVE-2018-14879,2
train,CVE-2018-14498,2
train,CVE-2018-14470,2
train,CVE-2018-14469,2
train,CVE-2018-14468,2
train,CVE-2018-14467,2
train,CVE-2018-14465,2
train,CVE-2018-14463,2
train,CVE-2018-14462,2
train,CVE-2018-14461,2
train,CVE-2017-18379,2
train,CVE-2017-18360,2
train,CVE-2016-10764,2
train,CVE-2016-10749,2
train,CVE-2016-10746,2
train,CVE-2015-9289,2
train,CVE-2011-5327,2
train,CVE-2010-5331,2
train,CVE-2007-6762,2
train,CVE-2012-3400,2
train,CVE-2012-0038,2
train,CVE-2013-1959,2
train,CVE-2012-6546,2
train,CVE-2014-4656,2
train,CVE-2015-4002,2
train,CVE-2016-5688,2
train,CVE-2016-3698,2
train,CVE-2017-13028,2
train,CVE-2017-13004,2
train,CVE-2017-12899,2
train,CVE-2017-12843,2
train,CVE-2017-12190,2
train,CVE-2017-11449,2
train,CVE-2017-11142,2
train,CVE-2017-9995,2
train,CVE-2017-5511,2
train,CVE-2016-10129,2
train,CVE-2016-7101,2
train,CVE-2016-6906,2
train,CVE-2015-8958,2
train,CVE-2018-1000041,2
train,CVE-2018-18021,2
train,CVE-2018-17456,2
train,CVE-2018-9989,2
train,CVE-2018-9988,2
train,CVE-2018-8098,2
train,CVE-2019-16718,2
train,CVE-2019-14763,2
train,CVE-2019-12109,2
train,CVE-2019-10714,2
train,CVE-2011-3916,2
train,CVE-2011-2836,2
train,CVE-2011-2843,2
train,CVE-2011-2851,2
train,CVE-2011-2853,2
train,CVE-2011-2854,2
train,CVE-2011-2834,2
train,CVE-2011-2859,2
train,CVE-2011-2860,2
train,CVE-2011-2864,2
train,CVE-2011-2822,2
train,CVE-2011-2806,2
train,CVE-2011-2829,2
train,CVE-2011-2782,2
train,CVE-2011-2785,2
train,CVE-2011-2801,2
train,CVE-2011-1799,2
train,CVE-2012-2876,2
train,CVE-2012-2874,2
train,CVE-2012-2872,2
train,CVE-2012-2842,2
train,CVE-2012-2823,2
train,CVE-2012-2824,2
train,CVE-2012-2833,2
train,CVE-2011-3956,2
train,CVE-2011-3961,2
train,CVE-2011-3965,2
train,CVE-2011-3927,2
train,CVE-2011-3103,2
train,CVE-2011-3114,2
train,CVE-2011-3083,2
train,CVE-2011-3050,2
train,CVE-2013-6634,2
train,CVE-2013-6640,2
train,CVE-2013-6621,2
train,CVE-2013-6627,2
train,CVE-2013-2926,2
train,CVE-2013-2909,2
train,CVE-2013-2911,2
train,CVE-2013-2914,2
train,CVE-2013-2917,2
train,CVE-2013-2920,2
train,CVE-2013-2921,2
train,CVE-2013-2900,2
train,CVE-2013-2905,2
train,CVE-2013-2884,2
train,CVE-2013-2873,2
train,CVE-2013-2874,2
train,CVE-2013-2876,2
train,CVE-2013-2878,2
train,CVE-2013-2857,2
train,CVE-2013-2862,2
train,CVE-2013-0880,2
train,CVE-2013-0881,2
train,CVE-2013-0889,2
train,CVE-2013-0890,2
train,CVE-2013-0893,2
train,CVE-2013-0895,2
train,CVE-2013-0920,2
train,CVE-2013-0922,2
train,CVE-2013-0923,2
train,CVE-2013-0926,2
train,CVE-2013-0912,2
train,CVE-2013-0909,2
train,CVE-2012-5154,2
train,CVE-2012-5155,2
train,CVE-2013-0836,2
train,CVE-2013-0837,2
train,CVE-2014-7909,2
train,CVE-2014-3198,2
train,CVE-2014-3160,2
train,CVE-2014-3157,2
train,CVE-2014-1710,2
train,CVE-2014-1700,2
train,CVE-2013-6649,2
train,CVE-2013-6643,2
train,CVE-2015-6790,2
train,CVE-2015-6768,2
train,CVE-2015-6772,2
train,CVE-2015-6783,2
train,CVE-2015-6786,2
train,CVE-2015-1232,2
train,CVE-2015-1302,2
train,CVE-2015-1233,2
train,CVE-2016-5170,2
train,CVE-2016-5152,2
train,CVE-2016-5156,2
train,CVE-2016-5158,2
train,CVE-2016-5166,2
train,CVE-2016-5182,2
train,CVE-2016-5187,2
train,CVE-2016-5191,2
train,CVE-2016-1631,2
train,CVE-2016-1616,2
train,CVE-2016-1697,2
train,CVE-2016-1698,2
train,CVE-2016-1670,2
train,CVE-2016-1654,2
train,CVE-2016-1657,2
train,CVE-2016-1643,2
train,CVE-2016-1624,2
train,CVE-2017-5094,2
train,CVE-2017-5101,2
train,CVE-2017-5105,2
train,CVE-2017-5108,2
train,CVE-2017-5057,2
train,CVE-2017-5067,2
train,CVE-2017-5069,2
train,CVE-2017-5056,2
train,CVE-2017-5053,2
train,CVE-2017-5008,2
train,CVE-2017-5016,2
train,CVE-2016-5220,2
train,CVE-2016-5222,2
train,CVE-2016-5225,2
train,CVE-2016-5224,2
train,CVE-2016-5200,2
train,CVE-2016-1664,2
train,CVE-2018-18337,2
train,CVE-2018-18339,2
train,CVE-2018-18341,2
train,CVE-2018-18344,2
train,CVE-2018-18346,2
train,CVE-2018-18347,2
train,CVE-2018-18349,2
train,CVE-2018-18351,2
train,CVE-2018-18355,2
train,CVE-2018-18357,2
train,CVE-2018-20070,2
train,CVE-2018-17462,2
train,CVE-2018-17473,2
train,CVE-2018-17476,2
train,CVE-2018-6031,2
train,CVE-2018-6033,2
train,CVE-2018-6041,2
train,CVE-2018-6046,2
train,CVE-2018-6047,2
train,CVE-2018-6050,2
train,CVE-2018-6051,2
train,CVE-2018-6053,2
train,CVE-2018-6054,2
train,CVE-2018-6086,2
train,CVE-2018-6088,2
train,CVE-2018-6101,2
train,CVE-2018-6102,2
train,CVE-2018-6115,2
train,CVE-2018-6117,2
train,CVE-2018-6060,2
train,CVE-2018-6063,2
train,CVE-2018-6070,2
train,CVE-2018-6076,2
train,CVE-2018-6078,2
train,CVE-2017-15407,2
train,CVE-2017-15416,2
train,CVE-2017-15427,2
train,CVE-2017-15398,2
train,CVE-2017-5129,2
train,CVE-2017-15390,2
train,CVE-2017-15393,2
train,CVE-2017-15394,2
train,CVE-2019-5828,2
train,CVE-2019-5816,2
train,CVE-2019-5788,2
train,CVE-2019-5802,2
train,CVE-2019-5803,2
train,CVE-2019-5804,2
train,CVE-2019-5786,2
train,CVE-2019-5754,2
train,CVE-2019-5757,2
train,CVE-2019-5755,2
train,CVE-2018-20073,2
train,CVE-2018-6159,2
train,CVE-2018-6169,2
train,CVE-2018-6171,2
train,CVE-2018-6178,2
train,CVE-2018-4117,2
train,CVE-2018-16067,2
train,CVE-2018-16074,2
train,CVE-2018-16081,2
train,CVE-2018-16086,2
train,CVE-2018-6132,2
train,CVE-2018-6134,2
train,CVE-2018-6137,2
train,CVE-2018-6139,2
train,CVE-2018-6143,2
train,CVE-2018-6121,2
train,CVE-2016-1672,2
train,CVE-2016-1682,2
train,CVE-2016-1686,2
train,CVE-2015-3845,2
train,CVE-2015-3836,2
train,CVE-2015-3834,2
train,CVE-2015-3831,2
train,CVE-2015-1539,2
train,CVE-2015-1536,2
train,CVE-2016-6722,2
train,CVE-2016-6712,2
train,CVE-2016-6699,2
train,CVE-2016-3924,2
train,CVE-2016-3913,2
train,CVE-2016-3900,2
train,CVE-2016-3899,2
train,CVE-2016-3890,2
train,CVE-2016-3881,2
train,CVE-2016-3879,2
train,CVE-2016-3878,2
train,CVE-2016-3837,2
train,CVE-2016-3830,2
train,CVE-2016-3827,2
train,CVE-2016-3822,2
train,CVE-2016-3819,2
train,CVE-2016-3765,2
train,CVE-2016-3764,2
train,CVE-2016-3758,2
train,CVE-2016-3757,2
train,CVE-2016-3756,2
train,CVE-2016-3754,2
train,CVE-2016-2507,2
train,CVE-2016-2505,2
train,CVE-2016-2499,2
train,CVE-2016-2494,2
train,CVE-2016-2486,2
train,CVE-2016-2449,2
train,CVE-2016-2440,2
train,CVE-2016-2428,2
train,CVE-2016-2420,2
train,CVE-2016-2419,2
train,CVE-2016-2418,2
train,CVE-2016-2417,2
train,CVE-2016-2416,2
train,CVE-2016-1621,2
train,CVE-2016-1503,2
train,CVE-2016-0846,2
train,CVE-2016-0839,2
train,CVE-2016-0829,2
train,CVE-2016-0828,2
train,CVE-2016-0815,2
train,CVE-2016-0811,2
train,CVE-2016-0809,2
train,CVE-2016-0808,2
train,CVE-2016-0807,2
train,CVE-2016-0804,2
train,CVE-2015-6640,2
train,CVE-2017-0823,2
train,CVE-2017-0819,2
train,CVE-2017-0818,2
train,CVE-2017-0813,2
train,CVE-2017-0812,2
train,CVE-2017-0810,2
train,CVE-2017-0637,2
train,CVE-2017-0635,2
train,CVE-2017-0594,2
train,CVE-2017-0591,2
train,CVE-2017-0557,2
train,CVE-2017-0556,2
train,CVE-2017-0547,2
train,CVE-2017-0542,2
train,CVE-2017-0541,2
train,CVE-2017-0539,2
train,CVE-2017-0396,2
train,CVE-2018-9508,2
train,CVE-2018-9507,2
train,CVE-2018-9505,2
train,CVE-2018-9504,2
train,CVE-2018-9499,2
train,CVE-2018-9498,2
train,CVE-2018-9491,2
train,CVE-2018-9490,2
train,CVE-2018-9473,2
train,CVE-2017-13200,2
train,CVE-2017-13198,2
train,CVE-2017-13194,2
train,CVE-2017-13190,2
train,CVE-2017-13189,2
train,CVE-2017-13187,2
train,CVE-2017-13185,2
train,CVE-2017-7376,2
train,CVE-2015-3849,2
train,CVE-2015-3835,2
train,CVE-2015-1528,2
train,CVE-2016-6720,2
train,CVE-2016-3909,2
train,CVE-2016-3871,2
train,CVE-2016-3760,2
train,CVE-2016-2508,2
train,CVE-2016-2464,2
train,CVE-2016-2452,2
train,CVE-2017-0402,2
train,CVE-2018-9503,2
train,CVE-2009-3607,2
train,CVE-2017-16853,2
train,CVE-2019-13638,2
train,CVE-2017-13723,2
train,CVE-2015-3196,2
train,CVE-2015-1345,2
train,CVE-2017-9610,2
train,CVE-2014-9665,2
train,CVE-2014-9663,2
train,CVE-2017-6386,2
train,CVE-2016-6303,2
train,CVE-2016-6263,2
train,CVE-2016-4356,2
train,CVE-2016-1907,2
train,CVE-2016-10328,2
train,CVE-2014-0221,2
train,CVE-2018-0739,2
train,CVE-2012-3511,2
train,CVE-2012-2384,2
train,CVE-2012-1090,2
train,CVE-2011-3191,2
train,CVE-2011-2906,2
train,CVE-2011-2518,2
train,CVE-2011-2496,2
train,CVE-2011-2495,2
train,CVE-2011-1160,2
train,CVE-2013-6431,2
train,CVE-2013-4512,2
train,CVE-2013-3226,2
train,CVE-2013-2146,2
train,CVE-2013-1767,2
train,CVE-2013-1763,2
train,CVE-2014-5353,2
train,CVE-2014-1874,2
train,CVE-2014-0749,2
train,CVE-2014-0206,2
train,CVE-2014-0131,2
train,CVE-2014-0101,2
train,CVE-2015-4036,2
train,CVE-2015-1788,2
train,CVE-2015-1191,2
train,CVE-2015-0275,2
train,CVE-2014-9756,2
train,CVE-2014-9728,2
train,CVE-2014-9428,2
train,CVE-2014-9423,2
train,CVE-2014-9422,2
train,CVE-2014-8275,2
train,CVE-2014-5352,2
train,CVE-2013-7421,2
train,CVE-2016-9555,2
train,CVE-2016-8650,2
train,CVE-2016-7916,2
train,CVE-2016-7425,2
train,CVE-2016-7413,2
train,CVE-2016-7143,2
train,CVE-2016-6905,2
train,CVE-2016-6136,2
train,CVE-2016-2180,2
train,CVE-2016-0758,2
train,CVE-2016-0723,2
train,CVE-2015-8872,2
train,CVE-2015-8816,2
train,CVE-2013-7449,2
train,CVE-2017-17052,2
train,CVE-2017-16532,2
train,CVE-2017-16530,2
train,CVE-2017-14767,2
train,CVE-2017-14341,2
train,CVE-2017-13139,2
train,CVE-2017-13034,2
train,CVE-2017-13032,2
train,CVE-2017-12985,2
train,CVE-2017-12168,2
train,CVE-2017-11399,2
train,CVE-2017-8067,2
train,CVE-2017-7189,2
train,CVE-2017-6892,2
train,CVE-2017-6498,2
train,CVE-2017-6307,2
train,CVE-2017-5923,2
train,CVE-2017-5601,2
train,CVE-2017-5577,2
train,CVE-2016-10168,2
train,CVE-2016-10065,2
train,CVE-2016-9560,2
train,CVE-2016-8692,2
train,CVE-2016-8688,2
train,CVE-2016-8677,2
train,CVE-2016-8675,2
train,CVE-2016-6255,2
train,CVE-2015-8957,2
train,CVE-2015-8750,2
train,CVE-2006-5331,2
train,CVE-2006-3635,2
train,CVE-2018-1999014,2
train,CVE-2018-20169,2
train,CVE-2018-14734,2
train,CVE-2018-14361,2
train,CVE-2018-11506,2
train,CVE-2018-8099,2
train,CVE-2018-6412,2
train,CVE-2018-5333,2
train,CVE-2017-18202,2
train,CVE-2019-1010279,2
train,CVE-2019-17534,2
train,CVE-2019-17533,2
train,CVE-2019-15946,2
train,CVE-2019-13307,2
train,CVE-2019-13136,2
train,CVE-2019-12984,2
train,CVE-2019-12107,2
train,CVE-2019-11072,2
train,CVE-2019-6974,2
train,CVE-2018-16228,2
train,CVE-2016-10741,2
train,CVE-2012-6545,2
train,CVE-2016-6128,2
train,CVE-2016-5357,2
train,CVE-2015-8830,2
train,CVE-2016-7514,2
train,CVE-2019-12973,2
train,CVE-2011-3906,2
train,CVE-2011-2830,2
train,CVE-2011-2358,2
train,CVE-2011-2798,2
train,CVE-2011-2345,2
train,CVE-2011-1301,2
train,CVE-2012-5143,2
train,CVE-2012-2817,2
train,CVE-2013-2927,2
train,CVE-2013-2913,2
train,CVE-2013-0918,2
train,CVE-2013-0841,2
train,CVE-2013-0843,2
train,CVE-2014-7903,2
train,CVE-2014-7908,2
train,CVE-2014-3156,2
train,CVE-2015-6764,2
train,CVE-2015-6782,2
train,CVE-2015-1217,2
train,CVE-2016-5147,2
train,CVE-2016-1652,2
train,CVE-2017-5110,2
train,CVE-2017-5086,2
train,CVE-2018-17467,2
train,CVE-2018-6089,2
train,CVE-2018-6114,2
train,CVE-2017-15411,2
train,CVE-2019-5824,2
train,CVE-2019-5794,2
train,CVE-2019-5775,2
train,CVE-2019-5780,2
train,CVE-2016-1675,2
train,CVE-2015-3864,2
train,CVE-2015-1538,2
train,CVE-2015-1474,2
train,CVE-2016-3742,2
train,CVE-2016-2506,2
train,CVE-2016-2448,2
train,CVE-2016-2430,2
train,CVE-2017-0817,2
train,CVE-2017-0809,2
train,CVE-2015-1529,2
train,CVE-2018-9511,2
train,CVE-2018-9506,2
train,CVE-2017-13204,2
train,CVE-2017-16612,2
train,CVE-2018-19489,2
train,CVE-2017-13673,2
train,CVE-2019-12068,2
train,CVE-2013-2007,2
train,CVE-2013-1643,2
train,CVE-2018-14600,2
train,CVE-2015-2348,2
train,CVE-2009-0397,2
train,CVE-2017-9375,2
train,CVE-2017-9374,2
train,CVE-2017-9330,2
train,CVE-2012-6113,2
train,CVE-2014-9427,2
train,CVE-2014-9426,2
train,CVE-2014-8626,2
train,CVE-2016-9913,2
train,CVE-2014-7815,2
train,CVE-2016-9105,2
train,CVE-2016-9103,2
train,CVE-2016-9102,2
train,CVE-2016-7943,2
train,CVE-2016-7423,2
train,CVE-2016-7421,2
train,CVE-2016-7161,2
train,CVE-2016-7155,2
train,CVE-2016-6888,2
train,CVE-2016-6836,2
train,CVE-2016-6833,2
train,CVE-2016-6351,2
train,CVE-2016-6290,2
train,CVE-2017-5552,2
train,CVE-2018-7731,2
train,CVE-2018-7730,2
train,CVE-2018-7729,2
train,CVE-2018-7728,2
train,CVE-2016-5338,2
train,CVE-2016-4964,2
train,CVE-2014-5388,2
train,CVE-2016-4037,2
train,CVE-2016-4020,2
train,CVE-2016-3141,2
train,CVE-2016-2841,2
train,CVE-2018-20815,2
train,CVE-2015-8838,2
train,CVE-2015-8558,2
train,CVE-2014-0182,2
train,CVE-2015-7512,2
train,CVE-2015-5589,2
train,CVE-2015-4643,2
train,CVE-2015-4642,2
train,CVE-2013-6399,2
train,CVE-2014-9766,2
train,CVE-2013-4531,2
train,CVE-2017-18238,2
train,CVE-2017-18233,2
train,CVE-2017-18030,2
train,CVE-2017-7471,2
train,CVE-2017-2633,2
train,CVE-2014-4668,2
train,CVE-2013-7294,2
train,CVE-2015-4335,2
train,CVE-2017-14107,2
train,CVE-2017-12858,2
train,CVE-2017-12847,2
train,CVE-2017-8284,2
train,CVE-2016-10517,2
train,CVE-2016-1245,2
train,CVE-2015-5194,2
train,CVE-2015-3886,2
train,CVE-2018-17294,2
train,CVE-2018-12713,2
train,CVE-2018-12453,2
train,CVE-2018-12326,2
train,CVE-2018-11363,2
train,CVE-2018-11219,2
train,CVE-2018-10017,2
train,CVE-2018-8754,2
train,CVE-2017-18120,2
train,CVE-2017-7500,2
train,CVE-2019-1010294,2
train,CVE-2019-1010293,2
train,CVE-2019-1010292,2
train,CVE-2019-12209,2
train,CVE-2016-7398,2
train,CVE-2020-14147,2
train,CVE-2017-14223,2
train,CVE-2015-4178,2
train,CVE-2013-4539,2
train,CVE-2016-10191,2
train,CVE-2018-11590,2
train,CVE-2018-13304,2
train,CVE-2014-3478,2
train,CVE-2013-4391,2
train,CVE-2018-7254,2
train,CVE-2016-7995,2
train,CVE-2017-6387,2
train,CVE-2019-15164,2
train,CVE-2017-5545,2
train,CVE-2016-8669,2
train,CVE-2018-20102,2
train,CVE-2019-15163,2
train,CVE-2017-14976,2
train,CVE-2018-7253,2
train,CVE-2011-2493,2
train,CVE-2016-5337,2
train,CVE-2017-14171,2
train,CVE-2016-10162,2
train,CVE-2018-14599,2
train,CVE-2014-0185,2
train,CVE-2019-1010319,2
train,CVE-2018-12322,2
train,CVE-2016-6835,2
train,CVE-2016-7170,2
train,CVE-2018-7584,2
train,CVE-2017-9060,2
train,CVE-2016-5735,2
train,CVE-2015-5479,2
train,CVE-2016-4001,2
train,CVE-2016-5126,2
train,CVE-2019-12730,2
train,CVE-2015-8467,2
train,CVE-2013-4282,2
train,CVE-2013-4150,2
train,CVE-2018-11593,2
train,CVE-2017-15368,2
train,CVE-2013-1790,2
train,CVE-2018-12321,2
train,CVE-2012-0947,2
train,CVE-2018-19840,2
train,CVE-2019-17539,2
train,CVE-2019-15296,2
train,CVE-2016-7151,2
train,CVE-2018-13302,2
train,CVE-2017-5993,2
train,CVE-2014-7840,2
train,CVE-2016-2857,2
train,CVE-2017-6952,2
train,CVE-2018-18839,2
train,CVE-2018-11594,2
train,CVE-2010-3704,2
train,CVE-2014-8106,2
train,CVE-2014-8117,2
train,CVE-2018-11383,2
train,CVE-2014-2957,2
train,CVE-2016-8577,2
train,CVE-2019-1010317,2
train,CVE-2016-3689,2
train,CVE-2016-7466,2
train,CVE-2019-15161,2
train,CVE-2017-8086,2
train,CVE-2011-3951,2
train,CVE-2017-16645,2
train,CVE-2009-0586,2
train,CVE-2016-7908,2
train,CVE-2010-4819,2
train,CVE-2017-7865,2
train,CVE-2018-20456,2
train,CVE-2016-6490,2
train,CVE-2015-8617,2
train,CVE-2014-4617,2
train,CVE-2017-11719,2
train,CVE-2018-15822,2
train,CVE-2013-7008,2
train,CVE-2013-4149,2
train,CVE-2017-8807,2
train,CVE-2018-7752,2
train,CVE-2013-4264,2
train,CVE-2018-11378,2
train,CVE-2016-10163,2
train,CVE-2013-7296,2
train,CVE-2017-18594,2
train,CVE-2013-6380,2
train,CVE-2017-7862,2
train,CVE-2017-6448,2
train,CVE-2018-19843,2
train,CVE-2016-7480,2
train,CVE-2019-15162,2
train,CVE-2018-13300,2
train,CVE-2021-40572,2
train,CVE-2021-40570,2
train,CVE-2022-23583,2
train,CVE-2019-6128,2
train,CVE-2021-41203,2
train,CVE-2018-7456,2
train,CVE-2021-44078,2
train,CVE-2022-23591,2
train,CVE-2021-32613,2
train,CVE-2022-23580,2
train,CVE-2022-21682,2
train,CVE-2022-32545,2
train,CVE-2022-23574,2
train,CVE-2021-40562,2
train,CVE-2021-3743,2
train,CVE-2022-21739,2
train,CVE-2022-21726,2
train,CVE-2021-23214,2
train,CVE-2021-41206,2
train,CVE-2016-7536,2
train,CVE-2017-7869,2
train,CVE-2022-21738,2
train,CVE-2022-23559,2
train,CVE-2018-18557,2
train,CVE-2016-2533,2
train,CVE-2018-6340,2
train,CVE-2017-6838,2
train,CVE-2017-6837,2
train,CVE-2019-11935,2
train,CVE-2017-14638,2
train,CVE-2016-1000109,2
train,CVE-2016-6872,2
train,CVE-2019-8460,2
train,CVE-2014-6228,2
train,CVE-2018-6334,2
train,CVE-2016-7524,2
train,CVE-2019-3561,2
train,CVE-2019-3569,2
train,CVE-2014-9714,2
train,CVE-2014-6229,2
train,CVE-2018-6346,2
train,CVE-2019-11930,2
train,CVE-2020-16088,2
train,CVE-2019-11487,2
train,CVE-2017-14640,2
train,CVE-2017-14639,2
train,CVE-2017-14643,2
train,CVE-2020-26164,2
train,CVE-2016-1000004,2
train,CVE-2014-5386,2
train,CVE-2018-1000118,2
train,CVE-2021-37650,2
train,CVE-2017-13145,2
train,CVE-2022-29197,2
train,CVE-2021-40346,2
train,CVE-2021-37685,2
train,CVE-2021-20257,2
train,CVE-2010-3696,2
train,CVE-2017-12678,2
train,CVE-2020-15158,2
train,CVE-2021-29613,2
train,CVE-2021-29590,2
train,CVE-2020-8941,2
train,CVE-2020-15471,2
train,CVE-2014-4501,2
train,CVE-2020-15203,2
train,CVE-2019-18625,2
train,CVE-2019-19962,2
train,CVE-2017-14175,2
train,CVE-2021-29606,2
train,CVE-2021-39157,2
train,CVE-2019-3563,2
train,CVE-2016-1709,2
train,CVE-2020-23914,2
train,CVE-2020-13765,2
train,CVE-2021-29583,2
train,CVE-2022-32200,2
train,CVE-2021-37689,2
train,CVE-2018-1000052,2
train,CVE-2021-29597,2
train,CVE-2021-28848,2
train,CVE-2014-1438,2
train,CVE-2018-14055,2
train,CVE-2020-5235,2
train,CVE-2020-19488,2
train,CVE-2022-29205,2
train,CVE-2021-37679,2
train,CVE-2022-24750,2
train,CVE-2021-29516,2
train,CVE-2022-32202,2
train,CVE-2021-29577,2
train,CVE-2021-30027,2
train,CVE-2020-11080,2
train,CVE-2021-29580,2
train,CVE-2020-5253,2
train,CVE-2021-32438,2
train,CVE-2019-20918,2
train,CVE-2020-19481,2
train,CVE-2020-1896,2
train,CVE-2015-8702,2
train,CVE-2021-29604,2
train,CVE-2019-11932,2
train,CVE-2019-3565,2
train,CVE-2021-44109,2
train,CVE-2022-1172,2
train,CVE-2020-35965,2
train,CVE-2018-20684,2
train,CVE-2021-29599,2
train,CVE-2022-29198,2
train,CVE-2021-29616,2
train,CVE-2019-20016,2
train,CVE-2021-28855,2
train,CVE-2017-12640,2
train,CVE-2020-6019,2
train,CVE-2016-0775,2
train,CVE-2021-29610,2
train,CVE-2022-29193,2
train,CVE-2017-16909,2
train,CVE-2019-15522,2
train,CVE-2020-35517,2
train,CVE-2021-29571,2
train,CVE-2020-36177,2
train,CVE-2022-25051,2
train,CVE-2018-21233,2
train,CVE-2014-9625,2
train,CVE-2020-11558,2
train,CVE-2016-10544,2
train,CVE-2021-29527,2
train,CVE-2022-29242,2
train,CVE-2019-11471,2
train,CVE-2013-7459,2
train,CVE-2021-29611,2
train,CVE-2021-27135,2
train,CVE-2020-11939,2
train,CVE-2021-31257,2
train,CVE-2018-20820,2
train,CVE-2018-5813,2
train,CVE-2019-3558,2
train,CVE-2021-29521,2
train,CVE-2022-1222,2
train,CVE-2018-14017,2
train,CVE-2012-2373,2
train,CVE-2017-18183,2
train,CVE-2021-37691,2
train,CVE-2014-9767,2
train,CVE-2022-29369,2
train,CVE-2021-29546,2
train,CVE-2022-30767,2
train,CVE-2022-0630,2
train,CVE-2018-6337,2
train,CVE-2021-38114,2
train,CVE-2020-5221,2
train,CVE-2017-6800,2
train,CVE-2019-14982,2
train,CVE-2022-29339,2
train,CVE-2021-37643,2
train,CVE-2015-4590,2
train,CVE-2017-20005,2
train,CVE-2010-3697,2
train,CVE-2019-3560,2
train,CVE-2020-27793,2
train,CVE-2021-29585,2
train,CVE-2020-9365,2
train,CVE-2021-37644,2
train,CVE-2021-29515,2
train,CVE-2020-21048,2
train,CVE-2021-30022,2
train,CVE-2018-14352,2
train,CVE-2011-3188,2
train,CVE-2018-1000815,2
train,CVE-2014-9630,2
train,CVE-2014-9629,2
train,CVE-2021-30019,2
train,CVE-2016-7969,2
train,CVE-2021-41207,2
train,CVE-2022-2454,2
train,CVE-2021-37658,2
train,CVE-2020-15207,2
train,CVE-2015-4692,2
train,CVE-2017-17760,2
train,CVE-2018-12520,2
train,CVE-2017-6802,2
train,CVE-2022-28044,2
train,CVE-2021-32135,2
train,CVE-2020-5260,2
train,CVE-2020-15476,2
train,CVE-2017-17499,2
train,CVE-2017-1000215,2
train,CVE-2020-6018,2
train,CVE-2020-26269,2
train,CVE-2021-29593,2
train,CVE-2019-3554,2
train,CVE-2020-1913,2
train,CVE-2016-6494,2
train,CVE-2019-20630,2
train,CVE-2014-3971,2
train,CVE-2022-33105,2
train,CVE-2017-7407,2
train,CVE-2019-1000016,2
train,CVE-2020-13881,2
train,CVE-2020-8942,2
train,CVE-2022-36752,2
train,CVE-2014-9627,2
train,CVE-2022-32547,2
train,CVE-2020-21050,2
train,CVE-2019-20628,2
train,CVE-2021-41205,2
train,CVE-2018-5815,2
train,CVE-2022-25299,2
train,CVE-2017-7458,2
train,CVE-2014-2567,2
train,CVE-2018-14015,2
train,CVE-2021-37594,2
train,CVE-2021-29540,2
train,CVE-2020-15852,2
train,CVE-2017-5473,2
train,CVE-2018-25017,2
train,CVE-2017-16910,2
train,CVE-2017-18549,2
train,CVE-2013-4495,2
train,CVE-2019-19067,2
train,CVE-2020-16309,2
train,CVE-2022-2257,2
train,CVE-2019-20367,2
train,CVE-2017-11334,2
train,CVE-2019-5482,2
train,CVE-2021-3673,2
train,CVE-2019-9020,2
train,CVE-2022-1195,2
train,CVE-2020-16307,2
train,CVE-2019-15221,2
train,CVE-2019-15217,2
train,CVE-2015-7850,2
train,CVE-2020-0182,2
train,CVE-2010-4254,2
train,CVE-2018-8881,2
train,CVE-2008-3522,2
train,CVE-2017-12595,2
train,CVE-2019-17595,2
train,CVE-2019-19965,2
train,CVE-2017-10379,2
train,CVE-2019-15219,2
train,CVE-2020-14303,2
train,CVE-2022-1785,2
train,CVE-2016-5397,2
train,CVE-2015-6831,2
train,CVE-2015-3143,2
train,CVE-2022-2304,2
train,CVE-2017-16648,2
train,CVE-2021-21705,2
train,CVE-2020-27761,2
train,CVE-2013-2765,2
train,CVE-2009-1888,2
train,CVE-2020-12059,2
train,CVE-2014-8483,2
train,CVE-2018-19432,2
train,CVE-2013-1979,2
train,CVE-2020-8955,2
train,CVE-2020-13397,2
train,CVE-2017-1000472,2
train,CVE-2022-24448,2
train,CVE-2017-11473,2
train,CVE-2017-7892,2
train,CVE-2021-31535,2
train,CVE-2011-1830,2
train,CVE-2019-18811,2
train,CVE-2022-0284,2
train,CVE-2019-11026,2
train,CVE-2019-18807,2
train,CVE-2019-13108,2
train,CVE-2020-35531,2
train,CVE-2022-24301,2
train,CVE-2019-25042,2
train,CVE-2020-14093,2
train,CVE-2014-3670,2
train,CVE-2020-10720,2
train,CVE-2020-13396,2
train,CVE-2016-7795,2
train,CVE-2012-3547,2
train,CVE-2022-34612,2
train,CVE-2017-17881,2
train,CVE-2019-20795,2
train,CVE-2019-10125,2
train,CVE-2016-7164,2
train,CVE-2019-9903,2
train,CVE-2019-12979,2
train,CVE-2019-19523,2
train,CVE-2019-12381,2
train,CVE-2020-28588,2
train,CVE-2018-10916,2
train,CVE-2019-18812,2
train,CVE-2021-3753,2
train,CVE-2020-16587,2
train,CVE-2018-10902,2
train,CVE-2019-18609,2
train,CVE-2021-30218,2
train,CVE-2019-20925,2
train,CVE-2019-15030,2
train,CVE-2022-24958,2
train,CVE-2016-5767,2
train,CVE-2018-20804,2
train,CVE-2013-4564,2
train,CVE-2018-6556,2
train,CVE-2012-2386,2
train,CVE-2020-27758,2
train,CVE-2012-5854,2
train,CVE-2020-7063,2
train,CVE-2020-14360,2
train,CVE-2018-25020,2
train,CVE-2019-11035,2
train,CVE-2017-16913,2
train,CVE-2019-13456,2
train,CVE-2018-14434,2
train,CVE-2017-14062,2
train,CVE-2016-4473,2
train,CVE-2018-8023,2
train,CVE-2016-4609,2
train,CVE-2016-5114,2
train,CVE-2022-0408,2
train,CVE-2019-16680,2
train,CVE-2020-24654,2
train,CVE-2020-35504,2
train,CVE-2011-2896,2
train,CVE-2014-0239,2
train,CVE-2017-11639,2
train,CVE-2018-20217,2
train,CVE-2019-12735,2
train,CVE-2016-2087,2
train,CVE-2017-18251,2
train,CVE-2018-10177,2
train,CVE-2017-16914,2
train,CVE-2011-2203,2
train,CVE-2018-5814,2
train,CVE-2021-3756,2
train,CVE-2016-2089,2
train,CVE-2018-10881,2
train,CVE-2018-15587,2
train,CVE-2022-35737,2
train,CVE-2021-41689,2
train,CVE-2017-9216,2
train,CVE-2019-13110,2
train,CVE-2010-0421,2
train,CVE-2020-11947,2
train,CVE-2021-38209,2
train,CVE-2019-11190,2
train,CVE-2015-7976,2
train,CVE-2022-1515,2
train,CVE-2017-2618,2
train,CVE-2019-9500,2
train,CVE-2017-16355,2
train,CVE-2019-15213,2
train,CVE-2019-20422,2
train,CVE-2019-18874,2
train,CVE-2019-25045,2
train,CVE-2021-35525,2
train,CVE-2018-13053,2
train,CVE-2019-13299,2
train,CVE-2018-7052,2
train,CVE-2014-0148,2
train,CVE-2020-11869,2
train,CVE-2019-15117,2
train,CVE-2019-19048,2
train,CVE-2021-3610,2
train,CVE-2016-7444,2
train,CVE-2019-20892,2
train,CVE-2019-15717,2
train,CVE-2019-13568,2
train,CVE-2019-17544,2
train,CVE-2022-1122,2
train,CVE-2019-20637,2
train,CVE-2015-7975,2
train,CVE-2020-12284,2
train,CVE-2015-0844,2
train,CVE-2018-18023,2
train,CVE-2018-9251,2
train,CVE-2022-1444,2
train,CVE-2016-7030,2
train,CVE-2018-5750,2
train,CVE-2016-9630,2
train,CVE-2016-9425,2
train,CVE-2019-20788,2
train,CVE-2016-7796,2
train,CVE-2021-3975,2
train,CVE-2021-20286,2
train,CVE-2017-5336,2
train,CVE-2019-3887,2
train,CVE-2020-27770,2
train,CVE-2019-9024,2
train,CVE-2020-16292,2
train,CVE-2014-0242,2
train,CVE-2018-20330,2
train,CVE-2020-28896,2
train,CVE-2021-3640,2
train,CVE-2019-18934,2
train,CVE-2018-10852,2
train,CVE-2018-1106,2
train,CVE-2011-1675,2
train,CVE-2017-12418,2
train,CVE-2011-1764,2
train,CVE-2020-0030,2
train,CVE-2020-25667,2
train,CVE-2017-6887,2
train,CVE-2022-2469,2
train,CVE-2019-18808,2
train,CVE-2021-3185,2
train,CVE-2020-36385,2
train,CVE-2017-16548,2
train,CVE-2022-1649,2
train,CVE-2021-20231,2
train,CVE-2017-12805,2
train,CVE-2017-16516,2
train,CVE-2013-2065,2
train,CVE-2014-0045,2
train,CVE-2021-3472,2
train,CVE-2018-18016,2
train,CVE-2022-1898,2
train,CVE-2019-9023,2
train,CVE-2015-7519,2
train,CVE-2017-17680,2
train,CVE-2020-11042,2
train,CVE-2020-36278,2
train,CVE-2018-11695,2
train,CVE-2017-12983,2
train,CVE-2019-19725,2
train,CVE-2021-29463,2
train,CVE-2015-7871,2
train,CVE-2015-3329,2
train,CVE-2016-5841,2
train,CVE-2019-20395,2
train,CVE-2018-20337,2
train,CVE-2019-13232,2
train,CVE-2020-36223,2
train,CVE-2016-4344,2
train,CVE-2015-4024,2
train,CVE-2017-6519,2
train,CVE-2017-11624,2
train,CVE-2015-8366,2
train,CVE-2020-16589,2
train,CVE-2020-0093,2
train,CVE-2015-0243,2
train,CVE-2018-19416,2
train,CVE-2019-17545,2
train,CVE-2020-27755,2
train,CVE-2018-10873,2
train,CVE-2021-3839,2
train,CVE-2021-37750,2
train,CVE-2016-9811,2
train,CVE-2020-8622,2
train,CVE-2019-19204,2
train,CVE-2019-19059,2
train,CVE-2019-3819,2
train,CVE-2021-28021,2
train,CVE-2019-19242,2
train,CVE-2021-3501,2
train,CVE-2015-8879,2
train,CVE-2019-9371,2
train,CVE-2016-1833,2
train,CVE-2015-5522,2
train,CVE-2020-25652,2
train,CVE-2020-25643,2
train,CVE-2013-6885,2
train,CVE-2018-1129,2
train,CVE-2015-7855,2
train,CVE-2015-3144,2
train,CVE-2018-9385,2
train,CVE-2021-25218,2
train,CVE-2019-1352,2
train,CVE-2019-11036,2
train,CVE-2018-5712,2
train,CVE-2011-4120,2
train,CVE-2019-16928,2
train,CVE-2018-14437,2
train,CVE-2011-3604,2
train,CVE-2014-9273,2
train,CVE-2020-36229,2
train,CVE-2017-9847,2
train,CVE-2021-20299,2
train,CVE-2020-12655,2
train,CVE-2018-19407,2
train,CVE-2021-3930,2
train,CVE-2018-19046,2
train,CVE-2019-11597,2
train,CVE-2020-16298,2
train,CVE-2016-9629,2
train,CVE-2019-19077,2
train,CVE-2014-6054,2
train,CVE-2018-6406,2
train,CVE-2017-6420,2
train,CVE-2016-10252,2
train,CVE-2021-3892,2
train,CVE-2014-6051,2
train,CVE-2022-28796,2
train,CVE-2020-25097,2
train,CVE-2019-19527,2
train,CVE-2012-3365,2
train,CVE-2020-25709,2
train,CVE-2019-1221,2
train,CVE-2016-4797,2
train,CVE-2019-19543,2
train,CVE-2017-10928,2
train,CVE-2016-0755,2
train,CVE-2021-31916,2
train,CVE-2019-15890,2
train,CVE-2022-0358,2
train,CVE-2022-2959,2
train,CVE-2019-11039,2
train,CVE-2015-1420,2
train,CVE-2019-17666,2
train,CVE-2019-3836,2
train,CVE-2021-34866,2
train,CVE-2016-7418,2
train,CVE-2019-11045,2
train,CVE-2021-3560,2
train,CVE-2019-19055,2
train,CVE-2015-3214,2
train,CVE-2021-3796,2
train,CVE-2019-20394,2
train,CVE-2022-31626,2
train,CVE-2018-20544,2
train,CVE-2020-27153,2
train,CVE-2020-10756,2
train,CVE-2018-10548,2
train,CVE-2016-2119,2
train,CVE-2019-17053,2
train,CVE-2018-19060,2
train,CVE-2020-12279,2
train,CVE-2016-6129,2
train,CVE-2019-15215,2
train,CVE-2016-4483,2
train,CVE-2014-0142,2
train,CVE-2014-9652,2
train,CVE-2019-19847,2
train,CVE-2020-16125,2
train,CVE-2016-4343,2
train,CVE-2017-5967,2
train,CVE-2014-3215,2
train,CVE-2015-8789,2
train,CVE-2019-11683,2
train,CVE-2013-7226,2
train,CVE-2018-15688,2
train,CVE-2022-25235,2
train,CVE-2020-11609,2
train,CVE-2022-2380,2
train,CVE-2015-2305,2
train,CVE-2013-0339,2
train,CVE-2017-5836,2
train,CVE-2017-11188,2
train,CVE-2018-20615,2
train,CVE-2019-9928,2
train,CVE-2019-18634,2
train,CVE-2020-15863,2
train,CVE-2014-8583,2
train,CVE-2018-20803,2
train,CVE-2020-10726,2
train,CVE-2021-3200,2
train,CVE-2019-3832,2
train,CVE-2019-1354,2
train,CVE-2014-5120,2
train,CVE-2019-19244,2
train,CVE-2020-14385,2
train,CVE-2015-8710,2
train,CVE-2020-27756,2
train,CVE-2015-0856,2
train,CVE-2019-17054,2
train,CVE-2019-15214,2
train,CVE-2016-4073,2
train,CVE-2017-5835,2
train,CVE-2019-19080,2
train,CVE-2022-3234,2
train,CVE-2017-14137,2
train,CVE-2022-28388,2
train,CVE-2020-35452,2
train,CVE-2019-19604,2
train,CVE-2019-20054,2
train,CVE-2015-4022,2
train,CVE-2011-2721,2
train,CVE-2018-18661,2
train,CVE-2021-39246,2
train,CVE-2020-27771,2
train,CVE-2017-18253,2
train,CVE-2014-1949,2
train,CVE-2020-27763,2
train,CVE-2022-2153,2
train,CVE-2022-26280,2
train,CVE-2019-20372,2
train,CVE-2016-1249,2
train,CVE-2014-0244,2
train,CVE-2016-9813,2
train,CVE-2016-6318,2
train,CVE-2020-19499,2
train,CVE-2019-19081,2
train,CVE-2021-27212,2
train,CVE-2021-41099,2
train,CVE-2022-0711,2
train,CVE-2018-10878,2
train,CVE-2020-7071,2
train,CVE-2012-1584,2
train,CVE-2017-5837,2
train,CVE-2011-1178,2
train,CVE-2020-25663,2
train,CVE-2020-27778,2
train,CVE-2018-17019,2
train,CVE-2019-19047,2
train,CVE-2020-26419,2
train,CVE-2019-12790,2
train,CVE-2018-11212,2
train,CVE-2019-20176,2
train,CVE-2019-15118,2
train,CVE-2019-19063,2
train,CVE-2018-19985,2
train,CVE-2018-19149,2
train,CVE-2014-9050,2
train,CVE-2019-6454,2
train,CVE-2019-13118,2
train,CVE-2017-1000257,2
train,CVE-2020-25666,2
train,CVE-2015-1572,2
train,CVE-2015-3206,2
train,CVE-2008-5081,2
train,CVE-2014-3469,2
train,CVE-2006-7239,2
train,CVE-2010-0788,2
train,CVE-2019-19528,2
train,CVE-2020-11100,2
train,CVE-2013-6401,2
train,CVE-2017-18258,2
train,CVE-2020-29443,2
train,CVE-2018-10877,2
train,CVE-2021-20297,2
train,CVE-2018-1046,2
train,CVE-2017-17053,2
train,CVE-2020-14415,2
train,CVE-2019-6133,2
train,CVE-2014-1943,2
train,CVE-2022-26354,2
train,CVE-2015-2180,2
train,CVE-2018-8822,2
train,CVE-2017-14248,2
train,CVE-2018-10883,2
train,CVE-2020-8608,2
train,CVE-2017-5834,2
train,CVE-2020-0034,2
train,CVE-2021-22929,2
train,CVE-2019-12749,2
train,CVE-2018-19607,2
train,CVE-2018-16865,2
train,CVE-2020-25692,2
train,CVE-2020-13974,2
train,CVE-2020-36430,2
train,CVE-2019-15222,2
train,CVE-2019-15218,2
train,CVE-2014-0155,2
train,CVE-2018-18915,2
train,CVE-2016-0787,2
train,CVE-2018-6191,2
train,CVE-2018-9135,2
train,CVE-2018-6789,2
train,CVE-2020-25704,2
train,CVE-2016-4009,2
train,CVE-2021-3611,2
train,CVE-2018-11685,2
train,CVE-2019-8457,2
train,CVE-2017-16642,2
train,CVE-2014-0102,2
train,CVE-2021-29648,2
train,CVE-2022-36041,2
train,CVE-2019-9675,2
train,CVE-2014-0240,2
train,CVE-2019-19783,2
train,CVE-2020-16304,2
train,CVE-2022-34299,2
train,CVE-2018-20449,2
train,CVE-2020-35702,2
train,CVE-2017-8817,2
train,CVE-2019-12450,2
train,CVE-2017-5838,2
train,CVE-2019-18806,2
train,CVE-2015-0294,2
train,CVE-2018-16323,2
train,CVE-2018-9568,2
train,CVE-2020-16310,2
train,CVE-2019-8912,2
train,CVE-2020-12135,2
train,CVE-2021-34813,2
train,CVE-2018-9415,2
train,CVE-2019-16167,2
train,CVE-2018-9363,2
train,CVE-2017-16816,2
train,CVE-2021-1048,2
train,CVE-2020-26571,2
train,CVE-2020-16117,2
train,CVE-2019-20391,2
train,CVE-2019-19767,2
train,CVE-2021-20244,2
train,CVE-2019-11050,2
train,CVE-2019-12802,2
train,CVE-2012-5134,2
train,CVE-2020-26243,2
train,CVE-2009-3909,2
train,CVE-2017-9228,2
train,CVE-2020-11958,2
train,CVE-2018-17966,2
train,CVE-2019-13109,2
train,CVE-2020-27750,2
train,CVE-2018-10771,2
train,CVE-2017-18027,2
train,CVE-2018-12183,2
train,CVE-2018-1000140,2
train,CVE-2020-12653,2
train,CVE-2015-5069,2
train,CVE-2019-18224,2
train,CVE-2014-8126,2
train,CVE-2017-17784,2
train,CVE-2020-16296,2
train,CVE-2022-2816,2
train,CVE-2019-19533,2
train,CVE-2019-19252,2
train,CVE-2019-19952,2
train,CVE-2018-14665,2
train,CVE-2021-4209,2
train,CVE-2017-15400,2
train,CVE-2019-19051,2
train,CVE-2017-17723,2
train,CVE-2009-1570,2
train,CVE-2020-19498,2
train,CVE-2021-45480,2
train,CVE-2019-19317,2
train,CVE-2015-3145,2
train,CVE-2014-2568,2
train,CVE-2019-14584,2
train,CVE-2018-14404,2
train,CVE-2021-38166,2
train,CVE-2019-9433,2
train,CVE-2019-18810,2
train,CVE-2015-7851,2
train,CVE-2021-3974,2
train,CVE-2019-11085,2
train,CVE-2014-9028,2
train,CVE-2017-7982,2
train,CVE-2017-11446,2
train,CVE-2017-12806,2
train,CVE-2018-12085,2
train,CVE-2015-4147,2
train,CVE-2011-1588,2
train,CVE-2017-15126,2
train,CVE-2017-0750,2
train,CVE-2019-8383,2
train,CVE-2017-14152,2
train,CVE-2019-11038,2
train,CVE-2022-2964,2
train,CVE-2014-8564,2
train,CVE-2017-11103,2
train,CVE-2020-29374,2
train,CVE-2019-15211,2
train,CVE-2021-20298,2
train,CVE-2022-3061,2
train,CVE-2013-7470,2
train,CVE-2020-16301,2
train,CVE-2018-11696,2
train,CVE-2020-15180,2
train,CVE-2017-17722,2
train,CVE-2021-22876,2
train,CVE-2015-1862,2
train,CVE-2021-3498,2
train,CVE-2020-7925,2
train,CVE-2019-19536,2
train,CVE-2019-19079,2
train,CVE-2021-28964,2
train,CVE-2021-39191,2
train,CVE-2018-10879,2
train,CVE-2017-13133,2
train,CVE-2019-19065,2
train,CVE-2016-9189,2
train,CVE-2015-8614,2
train,CVE-2019-9025,2
train,CVE-2017-18552,2
train,CVE-2016-7128,2
train,CVE-2006-7243,2
train,CVE-2016-10729,2
train,CVE-2021-3682,2
train,CVE-2018-11683,2
train,CVE-2020-21365,2
train,CVE-2017-5334,2
train,CVE-2020-9391,2
train,CVE-2019-11502,2
train,CVE-2017-9454,2
train,CVE-2019-17055,2
train,CVE-2020-16297,2
train,CVE-2017-8818,2
train,CVE-2021-21704,2
train,CVE-2014-9620,2
train,CVE-2020-14382,2
train,CVE-2015-7973,2
train,CVE-2019-5736,2
train,CVE-2015-4604,2
train,CVE-2010-2542,2
train,CVE-2021-26675,2
train,CVE-2020-12268,2
train,CVE-2017-1000159,2
train,CVE-2022-2581,2
train,CVE-2022-1651,2
train,CVE-2021-20277,2
train,CVE-2020-27762,2
train,CVE-2016-5421,2
train,CVE-2017-2862,2
train,CVE-2018-7051,2
train,CVE-2017-5844,2
train,CVE-2020-29260,2
train,CVE-2019-20096,2
train,CVE-2018-11251,2
train,CVE-2016-10397,2
train,CVE-2011-1924,2
train,CVE-2019-20808,2
train,CVE-2019-15292,2
train,CVE-2019-20079,2
train,CVE-2018-1000028,2
train,CVE-2019-19534,2
train,CVE-2016-5399,2
train,CVE-2022-29869,2
train,CVE-2021-29470,2
train,CVE-2022-25375,2
train,CVE-2021-28660,2
train,CVE-2018-7726,2
train,CVE-2018-14551,2
train,CVE-2018-20669,2
train,CVE-2020-26421,2
train,CVE-2016-6328,2
train,CVE-2019-18809,2
train,CVE-2019-10269,2
train,CVE-2018-16789,2
train,CVE-2018-11693,2
train,CVE-2022-1733,2
train,CVE-2019-19056,2
train,CVE-2018-10114,2
train,CVE-2020-36312,2
train,CVE-2021-3527,2
train,CVE-2018-14884,2
train,CVE-2017-7401,2
train,CVE-2018-1000200,2
train,CVE-2018-1130,2
train,CVE-2016-2339,2
train,CVE-2018-10938,2
train,CVE-2017-0861,2
train,CVE-2022-0156,2
train,CVE-2019-2201,2
train,CVE-2021-37600,2
train,CVE-2016-10907,2
train,CVE-2021-4145,2
train,CVE-2017-9434,2
train,CVE-2016-9773,2
train,CVE-2013-2124,2
train,CVE-2015-3151,2
train,CVE-2022-3153,2
train,CVE-2015-8792,2
train,CVE-2018-14618,2
train,CVE-2020-27795,2
train,CVE-2019-19334,2
train,CVE-2020-29385,2
train,CVE-2021-43389,2
train,CVE-2019-15140,2
train,CVE-2019-20386,2
train,CVE-2017-13220,2
train,CVE-2020-15888,2
train,CVE-2019-12360,2
train,CVE-2019-16708,2
train,CVE-2019-19480,2
train,CVE-2011-3354,2
train,CVE-2012-3236,2
train,CVE-2016-6289,2
train,CVE-2011-4966,2
train,CVE-2018-5745,2
train,CVE-2017-14634,2
train,CVE-2022-2301,2
train,CVE-2020-20739,2
train,CVE-2013-4151,2
train,CVE-2016-3627,2
train,CVE-2019-19526,2
train,CVE-2021-36222,2
train,CVE-2016-1837,2
train,CVE-2016-7837,2
train,CVE-2017-9831,2
train,CVE-2010-0405,2
train,CVE-2013-4758,2
train,CVE-2008-1948,2
train,CVE-2020-16135,2
train,CVE-2012-6150,2
train,CVE-2021-3505,2
train,CVE-2018-1000222,2
train,CVE-2022-20141,2
train,CVE-2021-0561,2
train,CVE-2019-19050,2
train,CVE-2009-4031,2
train,CVE-2020-7247,2
train,CVE-2018-21009,2
train,CVE-2020-27752,2
train,CVE-2018-9918,2
train,CVE-2021-3443,2
train,CVE-2011-3200,2
train,CVE-2020-26159,2
train,CVE-2022-2476,2
train,CVE-2019-9637,2
train,CVE-2019-19076,2
train,CVE-2018-11233,2
train,CVE-2018-10549,2
train,CVE-2017-14061,2
train,CVE-2017-6362,2
train,CVE-2018-14641,2
train,CVE-2017-17681,2
train,CVE-2018-19539,2
train,CVE-2015-7511,2
train,CVE-2009-5138,2
train,CVE-2016-9400,2
train,CVE-2017-17884,2
train,CVE-2018-19935,2
train,CVE-2020-12654,2
train,CVE-2018-12910,2
train,CVE-2016-2052,2
train,CVE-2020-7053,2
train,CVE-2020-11043,2
train,CVE-2017-17788,2
train,CVE-2019-19061,2
train,CVE-2016-10142,2
train,CVE-2018-16336,2
train,CVE-2020-5310,2
train,CVE-2014-3668,2
train,CVE-2014-0100,2
train,CVE-2019-19049,2
train,CVE-2011-4971,2
train,CVE-2020-7062,2
train,CVE-2022-1238,2
train,CVE-2015-7497,2
train,CVE-2014-9130,2
train,CVE-2018-17097,2
train,CVE-2018-11698,2
train,CVE-2022-2124,2
train,CVE-2020-12049,2
train,CVE-2011-1003,2
train,CVE-2011-1758,2
train,CVE-2020-14363,2
train,CVE-2016-9063,2
train,CVE-2018-14435,2
train,CVE-2017-6504,2
train,CVE-2016-1251,2
train,CVE-2017-18254,2
train,CVE-2016-1246,2
train,CVE-2020-27754,2
train,CVE-2019-12615,2
train,CVE-2022-1851,2
train,CVE-2019-15807,2
train,CVE-2019-11598,2
train,CVE-2022-24959,2
train,CVE-2017-14505,2
train,CVE-2021-20232,2
train,CVE-2019-19070,2
train,CVE-2022-3213,2
train,CVE-2019-18813,2
train,CVE-2019-10142,2
train,CVE-2021-3622,2
train,CVE-2015-8790,2
train,CVE-2018-16329,2
train,CVE-2022-37451,2
train,CVE-2018-11624,2
train,CVE-2014-4721,2
train,CVE-2018-16428,2
train,CVE-2021-38207,2
train,CVE-2021-32055,2
train,CVE-2019-1010238,2
train,CVE-2022-38784,2
train,CVE-2019-19043,2
train,CVE-2019-25033,2
train,CVE-2013-2221,2
train,CVE-2019-19807,2
train,CVE-2021-3156,2
train,CVE-2020-1763,2
train,CVE-2017-12431,2
train,CVE-2020-8624,2
train,CVE-2018-9055,2
train,CVE-2019-9210,2
train,CVE-2022-0264,2
train,CVE-2019-3890,2
train,CVE-2020-7065,2
train,CVE-2020-36227,2
train,CVE-2021-20296,2
train,CVE-2018-5848,2
train,CVE-2013-5705,2
train,CVE-2013-2116,2
train,CVE-2022-1789,2
train,CVE-2014-9351,2
train,CVE-2021-34798,2
train,CVE-2018-19837,2
train,CVE-2014-2678,2
train,CVE-2018-10546,2
train,CVE-2015-3254,2
train,CVE-2019-19815,2
train,CVE-2019-12817,2
train,CVE-2018-6307,2
train,CVE-2021-3933,2
train,CVE-2016-10198,2
train,CVE-2019-15693,2
train,CVE-2016-9190,2
train,CVE-2013-7299,2
train,CVE-2016-9433,2
train,CVE-2018-19107,2
train,CVE-2021-4136,2
train,CVE-2011-3149,2
train,CVE-2018-8050,2
train,CVE-2017-2634,2
train,CVE-2020-36310,2
train,CVE-2017-14684,2
train,CVE-2016-3709,2
train,CVE-2016-10199,2
train,CVE-2019-13301,2
train,CVE-2014-2653,2
train,CVE-2021-20311,2
train,CVE-2017-12424,2
train,CVE-2020-10730,2
train,CVE-2019-11478,2
train,CVE-2018-16548,2
train,CVE-2022-37452,2
train,CVE-2016-9625,2
train,CVE-2015-0241,2
train,CVE-2019-19068,2
train,CVE-2020-24241,2
train,CVE-2017-11360,2
train,CVE-2020-10663,2
train,CVE-2019-19064,2
train,CVE-2019-20840,2
train,CVE-2018-7443,2
train,CVE-2018-18313,2
train,CVE-2019-15925,2
train,CVE-2016-10087,2
train,CVE-2021-4069,2
train,CVE-2017-14039,2
train,CVE-2017-13132,2
train,CVE-2019-20839,2
train,CVE-2021-20304,2
train,CVE-2012-0390,2
train,CVE-2017-2885,2
train,CVE-2019-10649,2
train,CVE-2019-19062,2
train,CVE-2021-4019,2
train,CVE-2021-33033,2
train,CVE-2014-2309,2
train,CVE-2019-19479,2
train,CVE-2020-16294,2
train,CVE-2017-1000458,2
train,CVE-2019-11479,2
train,CVE-2021-3565,2
train,CVE-2019-17133,2
train,CVE-2019-25044,2
train,CVE-2020-4032,2
train,CVE-2011-1488,2
train,CVE-2016-9600,2
train,CVE-2019-19966,2
train,CVE-2018-6003,2
train,CVE-2017-18028,2
train,CVE-2011-4623,2
train,CVE-2016-4610,2
train,CVE-2019-19602,2
train,CVE-2011-3605,2
train,CVE-2018-16328,2
train,CVE-2017-15928,2
train,CVE-2021-25287,2
train,CVE-2019-12155,2
train,CVE-2017-18252,2
train,CVE-2017-16943,2
train,CVE-2021-37746,2
train,CVE-2011-1782,2
train,CVE-2012-5534,2
train,CVE-2019-9022,2
train,CVE-2020-26570,2
train,CVE-2017-11141,2
train,CVE-2021-3962,2
train,CVE-2018-19058,2
train,CVE-2021-3518,2
train,CVE-2021-28971,2
train,CVE-2019-20052,2
train,CVE-2020-27774,2
train,CVE-2018-14656,2
train,CVE-2020-12652,2
train,CVE-2020-11521,2
train,CVE-2013-1978,2
train,CVE-2019-15212,2
train,CVE-2017-9405,2
train,CVE-2018-18928,2
train,CVE-2022-0897,2
train,CVE-2020-11736,2
train,CVE-2015-3148,2
train,CVE-2017-17887,2
train,CVE-2019-19053,2
train,CVE-2013-7298,2
train,CVE-2019-13112,2
train,CVE-2018-12615,2
train,CVE-2015-3142,2
train,CVE-2019-19057,2
train,CVE-2016-9812,2
train,CVE-2018-20976,2
train,CVE-2018-17965,2
train,CVE-2022-0158,2
train,CVE-2012-2385,2
train,CVE-2019-19044,2
train,CVE-2021-3516,2
train,CVE-2022-28390,2
train,CVE-2019-2126,2
train,CVE-2018-20021,2
train,CVE-2022-0286,2
train,CVE-2012-6075,2
train,CVE-2020-4031,2
train,CVE-2018-10880,2
train,CVE-2019-7308,2
train,CVE-2019-16709,2
train,CVE-2017-18551,2
train,CVE-2014-9653,2
train,CVE-2017-14741,2
train,CVE-2021-20221,2
train,CVE-2019-19535,2
train,CVE-2019-3701,2
train,CVE-2019-15927,2
train,CVE-2015-1609,2
train,CVE-2021-4216,2
train,CVE-2016-7162,2
train,CVE-2019-20810,2
train,CVE-2016-1840,2
train,CVE-2019-12455,2
train,CVE-2018-20650,2
train,CVE-2020-19497,2
train,CVE-2022-1328,2
train,CVE-2019-15892,2
train,CVE-2021-4187,2
train,CVE-2019-20806,2
train,CVE-2020-13143,2
train,CVE-2021-3181,2
train,CVE-2019-9857,2
train,CVE-2019-9959,2
train,CVE-2016-9632,2
train,CVE-2019-19072,2
train,CVE-2020-14344,2
train,CVE-2019-19530,2
train,CVE-2018-17336,2
train,CVE-2020-16289,2
train,CVE-2012-0033,2
train,CVE-2020-27347,2
train,CVE-2007-4573,2
train,CVE-2007-4997,2
train,CVE-2007-6151,2
train,CVE-2007-6417,2
train,CVE-2008-0600,2
train,CVE-2008-1375,2
train,CVE-2007-6712,2
train,CVE-2008-2136,2
train,CVE-2008-2372,2
train,CVE-2008-2931,2
train,CVE-2008-3247,2
train,CVE-2008-3535,2
train,CVE-2008-3272,2
train,CVE-2008-4302,2
train,CVE-2008-4445,2
train,CVE-2008-4210,2
train,CVE-2008-3833,2
train,CVE-2008-4554,2
train,CVE-2008-3496,2
train,CVE-2008-5134,2
train,CVE-2008-5033,2
train,CVE-2009-0028,2
train,CVE-2009-0031,2
train,CVE-2009-0676,2
train,CVE-2009-0675,2
train,CVE-2009-0746,2
train,CVE-2009-0747,2
train,CVE-2009-0748,2
train,CVE-2009-0935,2
train,CVE-2009-1046,2
train,CVE-2009-1242,2
train,CVE-2009-1897,2
train,CVE-2009-2287,2
train,CVE-2009-2406,2
train,CVE-2009-2407,2
train,CVE-2009-2624,2
train,CVE-2009-2698,2
train,CVE-2009-3228,2
train,CVE-2009-3612,2
train,CVE-2010-1437,2
train,CVE-2010-2478,2
train,CVE-2010-3067,2
train,CVE-2010-3080,2
train,CVE-2010-4651,2
train,CVE-2011-0711,2
train,CVE-2011-1093,2
train,CVE-2011-2534,2
train,CVE-2011-1745,2
train,CVE-2011-4170,2
train,CVE-2011-4110,2
train,CVE-2012-4429,2
train,CVE-2013-5745,2
train,CVE-2013-2852,2
train,CVE-2015-6806,2
train,CVE-2015-7833,2
train,CVE-2016-6261,2
train,CVE-2017-5208,2
train,CVE-2017-5333,2
train,CVE-2017-6508,2
train,CVE-2017-7960,2
train,CVE-2017-7961,2
train,CVE-2017-13089,2
train,CVE-2018-5345,2
train,CVE-2017-17786,2
train,CVE-2017-17785,2
train,CVE-2018-0494,2
train,CVE-2018-1000500,2
train,CVE-2018-20483,2
train,CVE-2018-17937,2
train,CVE-2019-5953,2
train,CVE-2019-15505,2
train,CVE-2019-15531,2
train,CVE-2020-1730,2
train,CVE-2011-0463,2
train,CVE-2021-20193,2
train,CVE-2021-3466,2
train,CVE-2006-6058,2
train,CVE-2013-3722,2
train,CVE-2014-0076,2
train,CVE-2015-1789,2
train,CVE-2016-2047,2
train,CVE-2016-0800,2
train,CVE-2016-0799,2
train,CVE-2016-2107,2
train,CVE-2016-1669,2
train,CVE-2016-2179,2
train,CVE-2016-5652,2
train,CVE-2016-8652,2
train,CVE-2017-3731,2
train,CVE-2017-3302,2
train,CVE-2017-2669,2
train,CVE-2017-7592,2
train,CVE-2017-7601,2
train,CVE-2017-11335,2
train,CVE-2017-11464,2
train,CVE-2017-15365,2
train,CVE-2018-17095,2
train,CVE-2020-7957,2
train,CVE-2020-1967,2
train,CVE-2020-25275,2
train,CVE-2020-8287,2
train,CVE-2021-23839,2
train,CVE-2021-23840,2
train,CVE-2021-3449,2
train,CVE-2020-18032,2
train,CVE-2021-22940,2
train,CVE-2022-0778,2
train,CVE-2022-27380,2
train,CVE-2022-27457,2
train,CVE-2022-1343,2
train,CVE-2022-31621,2
train,CVE-2022-31623,2
train,CVE-2022-2274,2
train,CVE-2022-35414,2
train,CVE-2009-3627,2
train,CVE-2012-2675,2
train,CVE-2012-3501,2
train,CVE-2020-27678,2
train,CVE-2014-9765,2
train,CVE-2015-9542,2
train,CVE-2019-11455,2
train,CVE-2017-0028,2
train,CVE-2017-1000414,2
train,CVE-2017-2920,2
train,CVE-2018-1281,2
train,CVE-2018-17292,2
train,CVE-2018-17293,2
train,CVE-2019-12875,2
train,CVE-2019-20376,2
train,CVE-2020-13111,2
train,CVE-2020-15908,2
train,CVE-2020-18750,2
train,CVE-2020-19858,2
train,CVE-2020-22873,2
train,CVE-2020-23907,2
train,CVE-2020-24753,2
train,CVE-2021-3119,2
train,CVE-2022-24732,2
train,CVE-2016-9424,1
train,CVE-2014-2894,1
train,CVE-2014-8962,1
train,CVE-2017-9612,1
train,CVE-2016-9441,1
train,CVE-2018-16375,1
train,CVE-2016-3182,1
train,CVE-2018-9518,1
train,CVE-2013-3232,1
train,CVE-2014-3571,1
valid,CVE-2019-19083,14
valid,CVE-2021-36978,8
valid,CVE-2020-36313,6
valid,CVE-2019-19924,6
valid,CVE-2021-30045,6
valid,CVE-2020-1918,4
valid,CVE-2020-5235,4
valid,CVE-2020-13848,4
valid,CVE-2021-22222,4
valid,CVE-2013-1643,4
valid,CVE-2020-11608,4
valid,CVE-2021-20309,4
valid,CVE-2020-16135,4
valid,CVE-2021-29477,4
valid,CVE-2021-28903,4
valid,CVE-2020-10251,4
valid,CVE-2020-5208,4
valid,CVE-2021-3416,4
valid,CVE-2014-2583,4
valid,CVE-2021-42917,2
valid,CVE-2022-23561,2
valid,CVE-2021-31616,2
valid,CVE-2021-32272,2
valid,CVE-2022-0080,2
valid,CVE-2022-23582,2
valid,CVE-2022-21741,2
valid,CVE-2021-45095,2
valid,CVE-2020-25427,2
valid,CVE-2020-12141,2
valid,CVE-2020-1888,2
valid,CVE-2020-26164,2
valid,CVE-2019-17498,2
valid,CVE-2021-41206,2
valid,CVE-2021-29532,2
valid,CVE-2021-29582,2
valid,CVE-2020-1911,2
valid,CVE-2021-32132,2
valid,CVE-2021-20223,2
valid,CVE-2020-8937,2
valid,CVE-2020-13775,2
valid,CVE-2021-32137,2
valid,CVE-2020-27794,2
valid,CVE-2021-29529,2
valid,CVE-2021-29612,2
valid,CVE-2021-29513,2
valid,CVE-2021-36143,2
valid,CVE-2021-41222,2
valid,CVE-2021-36082,2
valid,CVE-2021-29563,2
valid,CVE-2014-4502,2
valid,CVE-2021-37636,2
valid,CVE-2021-30015,2
valid,CVE-2021-21413,2
valid,CVE-2022-0632,2
valid,CVE-2020-14163,2
valid,CVE-2021-37667,2
valid,CVE-2020-15266,2
valid,CVE-2021-36088,2
valid,CVE-2019-25016,2
valid,CVE-2020-15261,2
valid,CVE-2020-15473,2
valid,CVE-2021-29525,2
valid,CVE-2021-27815,2
valid,CVE-2021-29537,2
valid,CVE-2021-32138,2
valid,CVE-2021-29614,2
valid,CVE-2021-37668,2
valid,CVE-2020-23930,2
valid,CVE-2020-35964,2
valid,CVE-2020-9308,2
valid,CVE-2021-29559,2
valid,CVE-2020-15265,2
valid,CVE-2021-29570,2
valid,CVE-2021-37649,2
valid,CVE-2020-8936,2
valid,CVE-2021-31572,2
valid,CVE-2021-37637,2
valid,CVE-2021-29607,2
valid,CVE-2021-43824,2
valid,CVE-2020-15007,2
valid,CVE-2021-29550,2
valid,CVE-2021-29579,2
valid,CVE-2021-22552,2
valid,CVE-2022-21159,2
valid,CVE-2020-23932,2
valid,CVE-2021-29568,2
valid,CVE-2021-29578,2
valid,CVE-2021-21401,2
valid,CVE-2020-15472,2
valid,CVE-2021-29524,2
valid,CVE-2018-10017,2
valid,CVE-2021-29279,2
valid,CVE-2021-21381,2
valid,CVE-2021-29545,2
valid,CVE-2021-29596,2
valid,CVE-2021-29575,2
valid,CVE-2020-7043,2
valid,CVE-2020-35980,2
valid,CVE-2021-31256,2
valid,CVE-2021-30145,2
valid,CVE-2020-1915,2
valid,CVE-2021-29561,2
valid,CVE-2021-29569,2
valid,CVE-2020-15202,2
valid,CVE-2021-33815,2
valid,CVE-2021-29581,2
valid,CVE-2021-29530,2
valid,CVE-2021-36148,2
valid,CVE-2020-15475,2
valid,CVE-2020-8938,2
valid,CVE-2021-29547,2
valid,CVE-2021-29539,2
valid,CVE-2021-22550,2
valid,CVE-2020-10378,2
valid,CVE-2021-32440,2
valid,CVE-2021-29588,2
valid,CVE-2020-8944,2
valid,CVE-2018-14056,2
valid,CVE-2021-31258,2
valid,CVE-2020-23915,2
valid,CVE-2020-15194,2
valid,CVE-2021-32439,2
valid,CVE-2021-29549,2
valid,CVE-2021-29600,2
valid,CVE-2021-29584,2
valid,CVE-2021-32437,2
valid,CVE-2020-26271,2
valid,CVE-2020-15121,2
valid,CVE-2021-29535,2
valid,CVE-2020-15208,2
valid,CVE-2021-29536,2
valid,CVE-2020-15174,2
valid,CVE-2019-20791,2
valid,CVE-2020-15190,2
valid,CVE-2021-29512,2
valid,CVE-2021-29523,2
valid,CVE-2020-13904,2
valid,CVE-2021-30199,2
valid,CVE-2021-33364,2
valid,CVE-2020-11810,2
valid,CVE-2021-31260,2
valid,CVE-2021-29601,2
valid,CVE-2021-33586,2
valid,CVE-2020-12284,2
valid,CVE-2021-29603,2
valid,CVE-2020-36401,2
valid,CVE-2021-37638,2
valid,CVE-2021-29609,2
valid,CVE-2021-29531,2
valid,CVE-2020-13649,2
valid,CVE-2021-29587,2
valid,CVE-2021-31259,2
valid,CVE-2021-29558,2
valid,CVE-2013-5653,2
valid,CVE-2021-3475,2
valid,CVE-2022-2571,2
valid,CVE-2021-3483,2
valid,CVE-2022-24300,2
valid,CVE-2020-18442,2
valid,CVE-2021-31618,2
valid,CVE-2009-5155,2
valid,CVE-2021-29478,2
valid,CVE-2020-7069,2
valid,CVE-2020-35508,2
valid,CVE-2020-15103,2
valid,CVE-2020-11019,2
valid,CVE-2020-8428,2
valid,CVE-2020-1914,2
valid,CVE-2020-25708,2
valid,CVE-2020-36281,2
valid,CVE-2020-14401,2
valid,CVE-2020-10232,2
valid,CVE-2019-19956,2
valid,CVE-2015-1351,2
valid,CVE-2021-3517,2
valid,CVE-2021-3514,2
valid,CVE-2020-29367,2
valid,CVE-2014-3566,2
valid,CVE-2014-2497,2
valid,CVE-2021-28651,2
valid,CVE-2017-9233,2
valid,CVE-2021-39242,2
valid,CVE-2017-6350,2
valid,CVE-2017-1000381,2
valid,CVE-2021-20266,2
valid,CVE-2020-35530,2
valid,CVE-2020-26088,2
valid,CVE-2020-35533,2
valid,CVE-2020-10757,2
valid,CVE-2019-14868,2
valid,CVE-2020-27746,2
valid,CVE-2020-21674,2
valid,CVE-2020-29660,2
valid,CVE-2021-22918,2
valid,CVE-2021-46283,2
valid,CVE-2020-27194,2
valid,CVE-2020-25692,2
valid,CVE-2020-14386,2
valid,CVE-2019-20387,2
valid,CVE-2021-25289,2
valid,CVE-2021-20317,2
valid,CVE-2021-22235,2
valid,CVE-2020-0466,2
valid,CVE-2009-4124,2
valid,CVE-2018-14349,2
valid,CVE-2020-27560,2
valid,CVE-2021-3491,2
valid,CVE-2020-36322,2
valid,CVE-2021-30178,2
valid,CVE-2010-0297,2
valid,CVE-2014-6272,2
valid,CVE-2020-29362,2
valid,CVE-2020-36280,2
valid,CVE-2019-20636,2
valid,CVE-2018-10906,2
valid,CVE-2015-8035,2
valid,CVE-2019-20218,2
valid,CVE-2021-3156,2
valid,CVE-2020-28896,2
valid,CVE-2020-27844,2
valid,CVE-2020-29363,2
valid,CVE-2020-27814,2
valid,CVE-2020-29074,2
valid,CVE-2021-3605,2
valid,CVE-2020-12659,2
valid,CVE-2020-29368,2
valid,CVE-2020-11565,2
valid,CVE-2020-12829,2
valid,CVE-2019-13504,2
valid,CVE-2018-17096,2
valid,CVE-2021-3504,2
valid,CVE-2020-11039,2
valid,CVE-2021-20245,2
valid,CVE-2021-20176,2
valid,CVE-2020-35573,2
valid,CVE-2011-1488,2
valid,CVE-2016-9427,2
valid,CVE-2021-28543,2
valid,CVE-2021-38200,2
valid,CVE-2020-7070,2
valid,CVE-2020-12826,2
valid,CVE-2019-14378,2
valid,CVE-2019-1351,2
valid,CVE-2021-29657,2
valid,CVE-2020-36407,2
valid,CVE-2012-6711,2
valid,CVE-2021-46822,2
valid,CVE-2021-27364,2
valid,CVE-2019-12614,2
valid,CVE-2021-30002,2
valid,CVE-2020-12066,2
valid,CVE-2019-11039,2
valid,CVE-2020-12658,2
valid,CVE-2021-38208,2
valid,CVE-2021-20205,2
valid,CVE-2020-0452,2
valid,CVE-2019-19058,2
valid,CVE-2020-1700,2
valid,CVE-2020-25862,2
valid,CVE-2021-29649,2
valid,CVE-2017-15412,2
valid,CVE-2015-5380,2
valid,CVE-2021-3715,2
valid,CVE-2022-0487,2
valid,CVE-2020-15780,2
valid,CVE-2022-1341,2
valid,CVE-2020-11085,2
valid,CVE-2021-26691,2
valid,CVE-2017-11644,2
valid,CVE-2020-27784,2
valid,CVE-2020-16300,2
valid,CVE-2018-1000085,2
valid,CVE-2017-14348,2
valid,CVE-2020-6405,2
valid,CVE-2020-14352,2
valid,CVE-2017-13746,2
valid,CVE-2020-35535,2
valid,CVE-2020-25211,2
valid,CVE-2020-24372,2
valid,CVE-2020-15365,2
valid,CVE-2019-16709,2
valid,CVE-2021-23133,2
valid,CVE-2019-19529,2
valid,CVE-2020-11099,2
valid,CVE-2021-32055,2
valid,CVE-2020-10725,2
valid,CVE-2021-28041,2
valid,CVE-2018-19477,2
valid,CVE-2020-14398,2
valid,CVE-2020-4033,2
valid,CVE-2020-36403,2
valid,CVE-2021-32399,2
valid,CVE-2020-11089,2
valid,CVE-2020-0181,2
valid,CVE-2021-22543,2
valid,CVE-2021-23191,2
valid,CVE-2021-3596,2
valid,CVE-2021-34552,2
valid,CVE-2021-20246,2
valid,CVE-2021-21261,2
valid,CVE-2019-19075,2
valid,CVE-2021-29464,2
valid,CVE-2020-13114,2
valid,CVE-2019-12900,2
valid,CVE-2020-0404,2
valid,CVE-2020-11058,2
valid,CVE-2022-0393,2
valid,CVE-2021-3995,2
valid,CVE-2016-6828,2
valid,CVE-2020-11524,2
valid,CVE-2021-30219,2
valid,CVE-2020-35605,2
valid,CVE-2021-28994,2
valid,CVE-2021-25291,2
valid,CVE-2020-12465,2
valid,CVE-2021-28904,2
valid,CVE-2021-3474,2
valid,CVE-2015-2301,2
valid,CVE-2020-26298,2
valid,CVE-2012-4433,2
valid,CVE-2016-7412,2
valid,CVE-2021-36086,2
valid,CVE-2021-37232,2
valid,CVE-2008-1948,2
valid,CVE-2020-5395,2
valid,CVE-2020-35963,2
valid,CVE-2020-35680,2
valid,CVE-2008-1693,2
valid,CVE-2020-1720,2
valid,CVE-2020-19667,2
valid,CVE-2020-11086,2
valid,CVE-2020-24369,2
valid,CVE-2020-9274,2
valid,CVE-2014-9705,2
valid,CVE-2020-13249,2
valid,CVE-2020-10531,2
valid,CVE-2020-25212,2
valid,CVE-2020-36386,2
valid,CVE-2020-12768,2
valid,CVE-2020-11098,2
valid,CVE-2020-11047,2
valid,CVE-2019-20454,2
valid,CVE-2018-15607,2
valid,CVE-2019-12979,2
valid,CVE-2019-19066,2
valid,CVE-2020-19860,2
valid,CVE-2019-19926,2
valid,CVE-2021-29265,2
valid,CVE-2020-10942,2
valid,CVE-2020-36158,2
valid,CVE-2021-3497,2
valid,CVE-2017-18595,2
valid,CVE-2021-3478,2
valid,CVE-2020-0305,2
valid,CVE-2020-27829,2
valid,CVE-2019-14857,2
valid,CVE-2018-20570,2
valid,CVE-2020-11040,2
valid,CVE-2020-5313,2
valid,CVE-2021-3531,2
valid,CVE-2021-21375,2
valid,CVE-2017-1000363,2
valid,CVE-2020-14314,2
valid,CVE-2020-5310,2
valid,CVE-2020-12657,2
valid,CVE-2021-3652,2
valid,CVE-2020-26572,2
valid,CVE-2020-24342,2
valid,CVE-2016-9398,2
valid,CVE-2020-15180,2
valid,CVE-2020-0499,2
valid,CVE-2020-1760,2
valid,CVE-2020-35523,2
valid,CVE-2020-36387,2
valid,CVE-2013-4636,2
valid,CVE-2021-28676,2
valid,CVE-2020-36558,2
valid,CVE-2020-0465,2
valid,CVE-2017-0379,2
valid,CVE-2020-13902,2
valid,CVE-2017-17087,2
valid,CVE-2021-29154,2
valid,CVE-2018-21008,2
valid,CVE-2017-11362,2
valid,CVE-2020-28935,2
valid,CVE-2020-12769,2
valid,CVE-2020-11523,2
valid,CVE-2018-16329,2
valid,CVE-2016-9624,2
valid,CVE-2019-19927,2
valid,CVE-2012-1573,2
valid,CVE-2020-35679,2
valid,CVE-2017-1000112,2
valid,CVE-2020-13398,2
valid,CVE-2020-14396,2
valid,CVE-2021-20310,2
valid,CVE-2021-36979,2
valid,CVE-2019-9506,2
valid,CVE-2017-5953,2
valid,CVE-2020-14354,2
valid,CVE-2020-27823,2
valid,CVE-2020-11494,2
valid,CVE-2021-38201,2
valid,CVE-2021-22898,2
valid,CVE-2020-24870,2
valid,CVE-2021-32436,2
valid,CVE-2018-14851,2
valid,CVE-2013-7226,2
valid,CVE-2007-6063,2
valid,CVE-2008-3276,2
valid,CVE-2008-3525,2
valid,CVE-2008-5079,2
valid,CVE-2009-0745,2
valid,CVE-2009-0787,2
valid,CVE-2009-1186,2
valid,CVE-2010-2960,2
valid,CVE-2012-5667,2
valid,CVE-2013-2190,2
valid,CVE-2013-6836,2
valid,CVE-2014-0017,2
valid,CVE-2017-17786,2
valid,CVE-2019-13638,2
valid,CVE-2021-20305,2
valid,CVE-2021-38185,2
valid,CVE-2009-3238,2
valid,CVE-2014-3470,2
valid,CVE-2015-1793,2
valid,CVE-2016-6305,2
valid,CVE-2017-15132,2
valid,CVE-2018-0495,2
valid,CVE-2019-11023,2
valid,CVE-2020-12673,2
valid,CVE-2020-25559,2
valid,CVE-2020-25412,2
valid,CVE-2021-46666,2
valid,CVE-2022-27455,2
valid,CVE-2022-35414,2
valid,CVE-2015-5685,2
valid,CVE-2014-9709,2
valid,CVE-2018-20742,2
valid,CVE-2019-1010283,2
valid,CVE-2021-27343,2
valid,CVE-2021-28874,2
valid,CVE-2020-12887,2
valid,CVE-2020-14156,2
valid,CVE-2020-15904,2
valid,CVE-2020-21572,2
valid,CVE-2020-22617,2
valid,CVE-2020-22874,2
valid,CVE-2021-21335,2
valid,CVE-2021-36357,2
test,CVE-2021-41072,6
test,CVE-2021-40153,6
test,CVE-2021-3416,6
test,CVE-2021-41206,4
test,CVE-2022-32546,4
test,CVE-2022-23589,4
test,CVE-2021-46784,4
test,CVE-2022-23558,4
test,CVE-2022-32978,4
test,CVE-2021-37665,4
test,CVE-2021-37687,4
test,CVE-2022-28463,4
test,CVE-2022-27666,4
test,CVE-2022-37032,4
test,CVE-2018-25033,4
test,CVE-2021-28972,4
test,CVE-2022-24950,4
test,CVE-2022-0847,4
test,CVE-2020-16166,4
test,CVE-2021-32037,4
test,CVE-2022-0669,4
test,CVE-2013-4668,4
test,CVE-2022-32547,2
test,CVE-2022-32545,2
test,CVE-2022-23578,2
test,CVE-2022-23577,2
test,CVE-2022-23581,2
test,CVE-2021-40576,2
test,CVE-2022-23588,2
test,CVE-2021-45379,2
test,CVE-2022-23568,2
test,CVE-2022-24448,2
test,CVE-2022-23585,2
test,CVE-2022-23592,2
test,CVE-2021-4188,2
test,CVE-2022-23595,2
test,CVE-2022-21740,2
test,CVE-2022-23557,2
test,CVE-2022-23579,2
test,CVE-2021-40575,2
test,CVE-2021-40568,2
test,CVE-2022-23584,2
test,CVE-2021-40571,2
test,CVE-2021-3656,2
test,CVE-2022-23571,2
test,CVE-2022-23593,2
test,CVE-2021-24045,2
test,CVE-2021-44273,2
test,CVE-2021-44512,2
test,CVE-2021-43845,2
test,CVE-2021-40565,2
test,CVE-2022-23566,2
test,CVE-2022-23586,2
test,CVE-2022-1586,2
test,CVE-2022-23573,2
test,CVE-2022-0481,2
test,CVE-2022-21734,2
test,CVE-2022-1276,2
test,CVE-2020-36406,2
test,CVE-2021-41133,2
test,CVE-2021-40574,2
test,CVE-2022-21731,2
test,CVE-2021-40573,2
test,CVE-2022-23567,2
test,CVE-2022-21730,2
test,CVE-2021-43860,2
test,CVE-2021-23222,2
test,CVE-2022-23565,2
test,CVE-2022-21733,2
test,CVE-2022-2652,2
test,CVE-2022-21735,2
test,CVE-2021-4043,2
test,CVE-2022-21736,2
test,CVE-2020-9759,2
test,CVE-2019-11929,2
test,CVE-2015-5745,2
test,CVE-2022-29207,2
test,CVE-2022-29779,2
test,CVE-2022-24763,2
test,CVE-2022-1427,2
test,CVE-2021-31571,2
test,CVE-2021-24029,2
test,CVE-2022-29340,2
test,CVE-2021-37647,2
test,CVE-2021-37661,2
test,CVE-2021-28856,2
test,CVE-2016-7132,2
test,CVE-2021-3739,2
test,CVE-2017-13139,2
test,CVE-2022-24793,2
test,CVE-2022-29208,2
test,CVE-2022-1441,2
test,CVE-2022-30592,2
test,CVE-2021-37847,2
test,CVE-2022-1968,2
test,CVE-2022-0407,2
test,CVE-2021-37642,2
test,CVE-2022-2553,2
test,CVE-2022-1286,2
test,CVE-2022-29195,2
test,CVE-2021-40592,2
test,CVE-2021-41224,2
test,CVE-2022-29206,2
test,CVE-2021-37672,2
test,CVE-2021-40567,2
test,CVE-2020-15204,2
test,CVE-2021-41210,2
test,CVE-2022-1289,2
test,CVE-2021-37683,2
test,CVE-2021-33361,2
test,CVE-2021-3521,2
test,CVE-2022-21654,2
test,CVE-2015-2141,2
test,CVE-2021-36692,2
test,CVE-2020-35981,2
test,CVE-2022-25297,2
test,CVE-2021-37688,2
test,CVE-2020-19490,2
test,CVE-2022-0717,2
test,CVE-2021-3744,2
test,CVE-2021-37663,2
test,CVE-2021-38171,2
test,CVE-2022-29379,2
test,CVE-2021-37682,2
test,CVE-2021-37690,2
test,CVE-2021-41219,2
test,CVE-2022-24786,2
test,CVE-2022-29194,2
test,CVE-2021-41201,2
test,CVE-2021-41225,2
test,CVE-2021-29556,2
test,CVE-2021-37639,2
test,CVE-2022-2453,2
test,CVE-2022-31796,2
test,CVE-2022-29192,2
test,CVE-2021-45936,2
test,CVE-2022-27007,2
test,CVE-2022-31307,2
test,CVE-2021-37666,2
test,CVE-2021-41216,2
test,CVE-2021-41203,2
test,CVE-2022-1795,2
test,CVE-2021-41204,2
test,CVE-2022-27650,2
test,CVE-2021-29552,2
test,CVE-2022-1899,2
test,CVE-2022-29199,2
test,CVE-2021-37635,2
test,CVE-2021-37651,2
test,CVE-2016-10070,2
test,CVE-2021-37681,2
test,CVE-2021-37848,2
test,CVE-2021-37641,2
test,CVE-2021-37640,2
test,CVE-2021-38383,2
test,CVE-2022-29200,2
test,CVE-2020-20276,2
test,CVE-2022-1212,2
test,CVE-2022-31031,2
test,CVE-2022-29212,2
test,CVE-2022-25139,2
test,CVE-2020-27209,2
test,CVE-2021-37652,2
test,CVE-2022-34835,2
test,CVE-2022-0890,2
test,CVE-2022-1533,2
test,CVE-2022-0361,2
test,CVE-2017-11600,2
test,CVE-2019-14464,2
test,CVE-2015-3885,2
test,CVE-2019-19071,2
test,CVE-2020-15890,2
test,CVE-2022-1297,2
test,CVE-2022-23645,2
test,CVE-2022-3303,2
test,CVE-2022-29156,2
test,CVE-2016-2087,2
test,CVE-2021-41136,2
test,CVE-2022-1507,2
test,CVE-2022-21723,2
test,CVE-2022-0419,2
test,CVE-2022-0572,2
test,CVE-2022-34927,2
test,CVE-2022-0413,2
test,CVE-2018-14551,2
test,CVE-2010-4345,2
test,CVE-2022-27950,2
test,CVE-2022-0382,2
test,CVE-2020-16305,2
test,CVE-2014-0178,2
test,CVE-2022-2126,2
test,CVE-2022-1382,2
test,CVE-2019-19069,2
test,CVE-2021-39537,2
test,CVE-2022-2982,2
test,CVE-2020-14301,2
test,CVE-2022-1720,2
test,CVE-2022-24764,2
test,CVE-2021-43057,2
test,CVE-2019-15504,2
test,CVE-2021-40391,2
test,CVE-2022-0629,2
test,CVE-2014-3566,2
test,CVE-2022-1154,2
test,CVE-2021-31566,2
test,CVE-2022-3078,2
test,CVE-2022-2264,2
test,CVE-2022-1452,2
test,CVE-2020-35492,2
test,CVE-2021-38593,2
test,CVE-2022-0318,2
test,CVE-2021-3778,2
test,CVE-2016-6207,2
test,CVE-2017-5897,2
test,CVE-2014-0142,2
test,CVE-2020-16287,2
test,CVE-2022-1620,2
test,CVE-2022-0322,2
test,CVE-2017-11170,2
test,CVE-2009-0689,2
test,CVE-2020-15900,2
test,CVE-2021-40524,2
test,CVE-2022-33099,2
test,CVE-2022-39842,2
test,CVE-2022-1769,2
test,CVE-2022-26878,2
test,CVE-2021-43975,2
test,CVE-2022-0699,2
test,CVE-2021-27212,2
test,CVE-2019-14494,2
test,CVE-2021-43804,2
test,CVE-2022-0351,2
test,CVE-2022-31214,2
test,CVE-2021-41556,2
test,CVE-2021-3489,2
test,CVE-2022-2719,2
test,CVE-2022-3103,2
test,CVE-2022-3239,2
test,CVE-2022-1198,2
test,CVE-2021-3732,2
test,CVE-2022-29968,2
test,CVE-2022-36040,2
test,CVE-2021-28950,2
test,CVE-2022-40299,2
test,CVE-2021-3905,2
test,CVE-2013-4166,2
test,CVE-2017-17784,2
test,CVE-2019-15691,2
test,CVE-2022-2288,2
test,CVE-2022-1031,2
test,CVE-2022-2207,2
test,CVE-2016-8670,2
test,CVE-2015-8874,2
test,CVE-2017-18926,2
test,CVE-2022-39190,2
test,CVE-2021-3716,2
test,CVE-2021-3903,2
test,CVE-2022-0685,2
test,CVE-2021-21897,2
test,CVE-2022-0617,2
test,CVE-2019-11598,2
test,CVE-2022-3170,2
test,CVE-2022-2580,2
test,CVE-2022-2963,2
test,CVE-2022-30292,2
test,CVE-2022-32323,2
test,CVE-2021-43814,2
test,CVE-2022-2845,2
test,CVE-2012-6113,2
test,CVE-2022-1244,2
test,CVE-2022-1587,2
test,CVE-2022-36879,2
test,CVE-2021-38205,2
test,CVE-2013-0157,2
test,CVE-2022-0392,2
test,CVE-2022-2285,2
test,CVE-2012-3517,2
test,CVE-2021-3671,2
test,CVE-2019-25038,2
test,CVE-2022-2175,2
test,CVE-2022-36043,2
test,CVE-2016-6295,2
test,CVE-2022-0849,2
test,CVE-2022-3235,2
test,CVE-2020-15569,2
test,CVE-2021-3559,2
test,CVE-2022-2980,2
test,CVE-2022-30975,2
test,CVE-2020-11038,2
test,CVE-2019-16234,2
test,CVE-2022-28805,2
test,CVE-2019-18218,2
test,CVE-2021-33909,2
test,CVE-2022-2639,2
test,CVE-2022-2923,2
test,CVE-2022-29694,2
test,CVE-2019-3812,2
test,CVE-2021-4166,2
test,CVE-2016-10317,2
test,CVE-2020-16302,2
test,CVE-2022-1508,2
test,CVE-2022-2183,2
test,CVE-2022-28389,2
test,CVE-2019-19246,2
test,CVE-2022-1061,2
test,CVE-2019-19054,2
test,CVE-2022-34494,2
test,CVE-2022-1195,2
test,CVE-2019-13133,2
test,CVE-2018-18024,2
test,CVE-2018-14665,2
test,CVE-2020-14361,2
test,CVE-2019-3813,2
test,CVE-2018-16842,2
test,CVE-2022-0213,2
test,CVE-2022-3202,2
test,CVE-2022-3099,2
test,CVE-2011-1678,2
test,CVE-2018-8905,2
test,CVE-2019-19525,2
test,CVE-2022-1987,2
test,CVE-2022-36042,2
test,CVE-2017-17723,2
test,CVE-2014-9426,2
test,CVE-2012-2370,2
test,CVE-2022-37434,2
test,CVE-2021-3968,2
test,CVE-2013-2020,2
test,CVE-2021-4192,2
test,CVE-2017-15670,2
test,CVE-2022-26490,2
test,CVE-2015-7852,2
test,CVE-2020-27828,2
test,CVE-2022-0714,2
test,CVE-2022-3213,2
test,CVE-2022-25636,2
test,CVE-2022-25236,2
test,CVE-2017-9782,2
test,CVE-2022-3077,2
test,CVE-2021-3888,2
test,CVE-2019-18276,2
test,CVE-2018-18820,2
test,CVE-2022-38150,2
test,CVE-2022-1055,2
test,CVE-2022-3134,2
test,CVE-2021-41864,2
test,CVE-2021-37706,2
test,CVE-2022-1350,2
test,CVE-2016-7130,2
test,CVE-2018-16881,2
test,CVE-2022-3037,2
test,CVE-2017-12904,2
test,CVE-2021-32056,2
test,CVE-2022-1205,2
test,CVE-2020-7060,2
test,CVE-2022-1734,2
test,CVE-2019-9633,2
test,CVE-2022-0943,2
test,CVE-2021-4154,2
test,CVE-2021-3746,2
test,CVE-2018-20020,2
test,CVE-2022-2061,2
test,CVE-2022-25258,2
test,CVE-2021-43267,2
test,CVE-2022-0518,2
test,CVE-2020-1760,2
test,CVE-2022-3028,2
test,CVE-2021-37576,2
test,CVE-2010-1311,2
test,CVE-2016-6296,2
test,CVE-2019-19045,2
test,CVE-2018-13441,2
test,CVE-2022-31783,2
test,CVE-2016-9810,2
test,CVE-2022-0492,2
test,CVE-2022-25761,2
test,CVE-2021-3751,2
test,CVE-2020-12723,2
test,CVE-2008-1294,2
test,CVE-2008-3526,2
test,CVE-2008-4618,2
test,CVE-2008-4933,2
test,CVE-2008-4934,2
test,CVE-2010-0001,2
test,CVE-2015-1345,2
test,CVE-2015-8803,2
test,CVE-2019-9923,2
test,CVE-2010-0433,2
test,CVE-2012-4559,2
test,CVE-2015-1791,2
test,CVE-2016-8605,2
test,CVE-2016-8652,2
test,CVE-2017-12944,2
test,CVE-2019-1543,2
test,CVE-2020-7046,2
test,CVE-2020-12674,2
test,CVE-2020-1971,2
test,CVE-2021-3712,2
test,CVE-2021-46664,2
test,CVE-2021-46668,2
test,CVE-2022-27376,2
test,CVE-2022-27382,2
test,CVE-2022-27383,2
test,CVE-2022-27448,2
test,CVE-2019-11454,2
test,CVE-2021-23521,2
test,CVE-2021-46225,2
test,CVE-2022-21711,2
test,CVE-2021-40818,1
test,None,1
test,CVE-2015-5239,1
test,CVE-2014-7815,1
